微信分享链接打开app		iOS里,把一个页面链接分享给微信好友(会话),好友在微信里打开这个链接,也就是打开了一个网页,点击网页里的某个地方后(比如网页中“打开xx应用程序”的按钮),代码里怎么设置可以跳回到第三方app?知乎的ios客户端就有这种功能,在微信里分享链接后,点开链接,再点网页中的某处,就可以打开知乎客户端显示全部微信中不能用自定义url的方式,微信提供了打开第三方应用的接口:launch3rdApp谢。一般用自带浏览器可以调用起app没问题。微信里面能调出app的,是和腾讯有合作的应用,其他会被过滤掉。有一个公司的产品,叫 魔窗,免费可以接入的	1
微信分享链接打开app		百度经验:jingyan.baidu.com主要思路就是用一个可以在电脑上面打开手机软件的模拟器,来打开微信。经验内容仅供参考,如果您需解决具体问题(尤其法律、医学等领域),建议您详细咨询相关领域专业人士。个性签名:分享经验,帮助更多人。	0
微信分享链接打开app		在里面上传GIF动图或普通图片,生成短链接,在朋友圈评论时,粘贴链接即可。更多实用小程序,参考这篇文章:	0
微信分享链接打开app		5进入到【链接分享】的位置，点击【创建私密链接】，创建私密链接。6成功创建私密链接之后，会出现链接和提取码，点击【复制链接及密码】，就可以发送给指定好友或者非好友咯~7链接分享可以在qq、微信或者是其他聊天工具中，主要是链接和密码，打开链接后就可以看见文件咯，点击右上方的【下载】即可。END	0
微信分享链接打开app		一、微信浏览器通过在电脑上打开微信的网页，我们可以发现微信内嵌浏览器定义了一个私有 JavaScript 对象：WeixinJSBridge，通过操作这个对象的相关方法可以实现分享到微信朋友圈，和判断一个微信号的关注状态以及实现关注指定微信号等功能。二、分享到朋友圈function weixinShareTimeline(title,desc,link,imgUrl){WeixinJSBridge.invoke(‘shareTimeline’,{“img_url”:imgUrl,//”img_width”:”640″,	0
微信分享链接打开app		百度经验:jingyan.baidu.com我们都知道手游、APP想在微信分享时,下载的链接会被微信屏蔽,不能直接点击,那怎样才能得到微信认可的下载页面呢,这里就需要用到腾讯的开放平台,而你的应用也需要提交到这个平台。在这里可以得到微信认可的链接地址。接下来介绍相关方法。百度经验:jingyan.baidu.com百度经验:jingyan.baidu.com1 首先打开腾讯开放平台,注册开放平台的一个账号,如下图所示。 步骤阅读 2 登录后在”管理中心“中创建应用,如下图所示点击红线框选按钮。 步骤阅读 3 选择创建应用的类型如下图所示,然后按钮提示填写应用的相关信息,提交进入审核。 步骤阅读 步骤阅读 4 应用审核通过后会在管理中心中显示”已上线“,然后点击应用的图标。 步骤阅读 5 在应用详情中找到运营服务中的”微下载“,点击进入详情页面。 步骤阅读 6 在详情页面中就可以看到系统生成的推广链接地址了,复制此地址就可以微信中转发了。 步骤阅读 END	1
微信分享链接打开app		版权声明：图文并茂的微信小程序教程！欢迎转载，请保留作者名字和链接；商业合作请联系子恒老师助理 QQ : 2334512685 https://blog.csdn.net/towtotow/article/details/78516851以前做火车，每到一个城市，都会收到一条欢迎短信，其实这是基于移动基站的位置服务。现在随着移动高清地图的发展，可以实现更加精确的地理位置定位服务，微信公众号可以让用户发送他的地下位置给公众号。这样你就可以获取到用户的经度和纬度，进一步可以知道用户所在城市。使用这一功能，能够延伸出来的很多实用功能，例如：公交服务，天气预报，景点推送…	0
微信分享链接打开app		遇到这个问题之后，小编又尝使用以往历史版本的手机QQ和微信进行尝试，尝试了多个手机QQ版本均告失败，不过好在最新版的手机QQ已经具备了接受其他账号的功能。而在使用微信V4.5.1版本时成功制作出了可共存版本，可以与未经修改的微信V5.0同时双开，随后安装使用并没有发现问题，两个版本的微信如果登录同一帐号，也能够同时接收到消息。共存版应用实现的原理并不复杂，由于每一个Android应用程序在最终编译时会设置一个应用程序签名，拥有相同应用程序签名的应用在安装就会被替换，所以这个APP编辑器就是将应用安装程序先进行反编译，然后修改应用程序签名，进行再次编译生成不同应用程序签名的版本，就可以进行安装了。	0
微信分享链接打开app		功能实现后, 苹果用户即可在微信内直接下载app也可以跳转浏览器下载,安卓用户则自动打开手机浏览器下载app,如果不含下载文件,则直接从微信内跳转到外部浏览器访问指定页面。下面是含app下载文件的实现效果:方案2对域名所属的JS代码进行处理,实现微信域名防封。用以上两种方式皆可以避免分享链接在微信内被拦截,功能实现后用户在微信内打开分享链接就可以正常访问了。如此一来我们就解决了域名被微信拦截而无法打开的问题了,那么接下来就可以在微信内大量的分享链接或二维码来进行宣传引流。不仅提高了用户体验,也能够极大地提高自己的APP在微信中的推广转化率,充分利用微信的用户群体来达到我们的期望	0
微信分享链接打开app		paymentAdded:function(order){//调用微信支付 let that=this let load = that.$createToast({txt:'',type:'loading',time:100000,mask:true}).show()//加载信息 that.$ajax.post('wechatPay/toConfig',{url1 :location.href.split('#')[0]}) .then(response=> { console.log(response); if(response.success) { //alert("获取签名成功"); wx.config({ beta:true, debug :false,// 开启调试模式,调用的所有api的返回值会在客户端alert出来,若要查看传入的参数,可以在pc端打开,参数信息会通过log打出,仅在pc端时才会打印。 appId :response.data.weixinAppId,// 必填,公众号的唯一标识 timestamp :response.data.timestamp,// 必填,生成签名的时间戳 nonceStr :response.data.noncestr,// 必填,生成签名的随机串 signature :response.data.signature,// 必填,签名,见附录1 jsApiList :['requestWxFacePictureVerify']// 必填,需要使用的JS接口列表,所有JS接口列表见附录2 }); that.$ajax.post('orders/getOverTimePayInfoByOrderId',{orderId:order.orderId,orderType:order.orderType}) .then(response=> { console.log(response); if(response.success) { that.$ajax.post('wechatPay/toPaySign',{amount:100,body:"公司名",order_id:response.data.orderNo,orderType:'5'}) .then(response=> { console.log(response); load.hide() if(response.success) { wx.chooseWXPay({ timestamp :response.data.timeStamp,// 支付签名时间戳,注意微信jssdk中的所有使用timestamp字段均为小写。但最新版的支付后台生成签名使用的timeStamp字段名需大写其中的S字符 nonceStr :response.data.nonceStr,// 支付签名随机串,不长于 32 位 package :response.data.package,// 统一支付接口返回的prepay_id参数值,提交格式如:prepay_id=***) signType :response.data.signType,// 签名方式,默认为'SHA1',使用新版支付需传入'MD5' paySign :response.data.paySign,// 支付签名 success :function(res) { if(res.errMsg =="chooseWXPay:ok") { //支付成功 that.$store.commit('toast',{message:'微信支付成功',type:'correct',time:2000}) order.state=14 order.stateName='体检已完成' }else{ that.$store.commit('toast',{message:'放弃支付',type:'error',time:2000}) //that.$router.replace({path:'/paymentSuccess',query:this.userData}) } } }); } }) } }) } }) },	0
微信分享链接打开app		百度经验:jingyan.baidu.com微信已经成为现代人生活中必不可少的一部分,下面我就教大家如何在微信浏览器中打开本地APP吧!百度经验:jingyan.baidu.com百度经验:jingyan.baidu.com1 将手机微信打开。 步骤阅读 2 打开微信中的链接。 步骤阅读 3 如图我们打开百度经验的链接,用微信浏览器进入网页以后,点击右上方如图符号。 步骤阅读 4 进入选择页面,点击“在浏览器”打开。 步骤阅读 5 如图会出现手机已安装的本地APP浏览器,我们选择一个自己想用的本地浏览器点击下方“仅一次”或“总是”都可以打开打开本地APP浏览器。 步骤阅读 6 此时,我们就已经在微信浏览器中将本地APP浏览器打开了 步骤阅读 END	1
微信分享链接打开app		版权声明:本文为博主原创文章,未经博主允许不得转载。项目中有个需求,让用户可以从分享到微信的网页中启动自己的APP,如果本机没有安装该应用程序则打开应用商店并打开该程序在商店中的搜索结果页面。在这里跟大家分享一下:首先需要和服务端协商好网页中按钮点击事件的字段<a href="myapp://www.haodf.com">启动应用程序</a><a href="[scheme]://[host]/[path]?[query]">启动应用程序</a>各个项目含义如下所示:scheme:判别启动的App。path:传值时必须的key	0
微信分享链接打开app		微信公众号号在手机中通过api接口可以实现自定义分享内容了,下面我们来看这个接口的实现步骤. 一、准备阶段 公众号一个,微网站一个. 二、绑定域名 先登录微信公众平台进入“公众号设置”的“功能设置”里填写“JS...java解析的源码和小程序的源码,自己从项目中剥离出来的,肯定能用,有疑问私信,微信小程序获取各类信息(openid、session_key以及用户基本信息、解密手机号)全新裂变红包是一款微信公众号吸粉神器,号称吸粉狂魔,半天吸粉20000,让你一窥裂变红包如何疯狂吸粉! 特色功能: 1、完美支持认证服务号和认证订阅号,增加订阅号带参数二维码功能,订阅号做活动也无需再输入邀请...	0
微信分享链接打开app		4.诱导法。这个方案在知乎上有人提过，点击分享，出现一个弹层，弹层上面是图片或文字，让用户自己找到浏览器自带的分享工具；这种方案很搞笑，APP内嵌的H5页面走的是原生浏览器，让用户几乎感觉不到是h5页面，但这种方式无异于告诉用户用的是一个H5页面，用户体验差极了。而且有的用户的手机浏览器是没有自带分享工具的。我们不能只考虑UC浏览器或者QQ浏览器。很多用户是不会下载和使用这些浏览器的。最好的方式就是考虑用原生的浏览器。5.借用原生。我们打算采用借用原生的方法进行微信分享。H5自身是没有微信分享功能的。之前在开发JSTAPP2.5时候也做过H5页面通过JS调用原生的苹果和安卓方法。	0
微信分享链接打开app		某些公众号的运营者由于每天和其运营的公众号有大量交互,所以可能会被误导,误认为推送给粉丝的消息都是点击就能打开外部链接的,但,并不是!并不是!并不是!不信?你找个48小时未交互的公众号试试!上图中应该就是题主表达的,公众号推送的图文点击进入跳转到一个类似于H5的页面,那么接下来我来说下怎么能做到?也就是微信认证并是微信服务号且开通了微信支付功能的菜可以做到。下载知乎客户端 与世界分享知识、经验和见解	0
睡觉中猝死的方法		健康咨询描述: 有什么方法可以在睡眠中死亡?比如在睡觉前吃了或喝了什么东西,然后睡着后慢慢的死去,没有痛苦。病情分析: 你好一般是安眠药或者去医院进行安乐死 指导意见: 不过这不是解决的方法这也是不允许的如果心理有问题应该咨询心理医生除了这些还有没有其他的方法,身边可以常用的东西,像醋啊盐啊酱油还有感冒药什么的。就是问问,以后好预防,氨酚伪麻美  参考价格:6.5 查看说明书感冒止咳颗  参考价格:15 查看说明书感冒安片  参考价格:4.9 查看说明书氨酚伪麻美芬片Ⅱ/氨麻苯美片 本品适用于治疗和减轻感冒引起的发热、头痛、周身四...[说明书] 参考价格:￥6.5	1
睡觉中猝死的方法		那你就来个自我暗示吧:头放松,脚放松,手指头放松,全身放松。我会有一个好觉。明天我会更有精神。你可以没天白天辛苦点,晚上就可以很快睡着了.你还可以买一个电子催缅仪,晚上带着.这样才能很快睡着.这是我的关点.祝你成功你可以没天白天辛苦点,晚上就可以很快睡着了.你还可以买一个电子催缅仪,晚上带着.这样才能很快睡着.这是我的关点. 祝你成功说绵羊,古老的办法,要么就吃药!当你像我这样,每天累得坐在车上都能睡着的时候,就知道什么叫倒头就睡了	0
睡觉中猝死的方法		带着饰品睡觉易猝死有些朋友睡觉时会带着手表、项链、戒指等等的饰品睡觉,而这样的情况其实是最危险的,不提我们睡觉中流出的汗液会将这些饰品腐蚀吸收将重金属通过毛孔吸收到体内这样的状况,就说有些时候我们做噩梦之时可能就是应为这些小饰品带给身体上的感觉导致大脑被欺骗,从而让人“脑死亡”也就是说大脑因为这些小饰品带来的感觉再和深度睡眠之后深入到潜意识之中的噩梦所结合,觉得自己已经死了自动停止了生命活动的特征导致人在睡梦中猝死。相关阅读推荐:三大著名补肾固元的长寿穴 身体上面有很多的穴位,如果我们能利用好这些养生穴...	0
睡觉中猝死的方法		你想玩会儿手机发现自己的胳膊、手都抖得厉害。你开始重复坐起来,躺下去的动作,如果在家里你还会去各个房间来回走动,像穿梭于房间的幽灵。次数多了你知道自己大概在四点半左右睡去,有两种可能,一个是折腾到困的不行,闭眼就睡,睡不好还是会难受,保持一种半睡半醒的状态到八点醒。另一个是再打了几个嗝以后突然好了,不疼了,世界都亮了,浑身都舒服起来,安稳的睡去。但是,我希望你有经验的是知道要去吃自助餐就提前吃吗丁啉,知道会胃嗳气睡前就不要喝奶茶,永远不要吃撑。拜托你了,身体是自己的,多出去走动锻炼,不要总是坐着躺着,少熬夜饮食要规律,胃只能靠自己养,不能靠药治。	0
睡觉中猝死的方法		想吓唬朋友,怎么才能让自己昏倒但没危险,急!抬头45度角,触摸自己的脖子,你会摸到两条正在跳动的动脉。那是你的双侧颈动脉。大概在脖子正中央处的地方,找到它们然后双手大拇指同时按住,截住所有血流。10秒后,你就能体会到晕厥的感觉了。抬头45度角,触摸自己的脖子,你会摸到两条正在跳动的动脉。那是你的双侧颈动脉。大概在脖子正中央处的地方,找到它们然后双手大拇指同时按住,截住所有血流。10秒后,你就能体会到晕厥的感觉了。想到几个小点子1.空腹长时间,造成低血糖2.蹲在地上长时间,长到足以突然站起来,晕倒。3.演!4.担心自己演技不行,就辅助一下:超过24小时未睡,脑袋昏昏沉沉演晕倒,易入戏	0
睡觉中猝死的方法		健康咨询描述: 有什么方法可以在睡眠中死亡?比如在睡觉前吃了或喝了什么东西,然后睡着后慢慢的死去,没有痛苦。北京军颐中医医院 擅长失眠、抑郁、精神分裂陈建病情分析: 你好一般是安眠药或者去医院进行安乐死指导意见: 不过这不是解决的方法这也是不允许的如果心理有问题应该咨询心理医生除了这些还有没有其他的方法,身边可以常用的东西,像醋啊盐啊酱油还有感冒药什么的。就是问问,以后好预防,北京德胜门中医院 杨魁芬主任 免费咨询杨魁芬 专治失眠抑郁 40多年临床经验 免费咨询专家推荐;放化疗! 失眠,必选人鱼生命藻清除肺部垃圾靠"喝"出来 导读:随着社会的发展,空气质量...	1
睡觉中猝死的方法		陈医生朋友圈，2017年5月28日凌晨2点23分：从27号8点到28号2点，根本停不下来，鬼知道我经历了什么，心态要爆炸了，什么？？还有一台！！！就连沙发都不给睡。再翻看他之前的朋友圈，总是在劳累的上班、值班之中，“一宿没睡”更是家常便饭！所以我们需要学会一些急救自保手段，以防不时之需！超负荷工作、身体不堪重负的不止医生群体比如销售，IT等也都是加班高发职业。猝死是指自然产生的出乎意料的突然死亡。世界卫生组织规定：发病后6小时内死亡看为猝死。各种心脏病都可导致猝死，而心脏病的猝死有一半以上为冠心病所引起。常见的猝死大致有以下几种：	0
睡觉中猝死的方法		半夜猝死分三种:1、心源性猝死(心脏疾病造成);2、也就是肺源性猝死(呼吸系统疾病);3、脑卒中后猝死(脑出血)。一般心源性猝死约占占猝死中80%的比例,因为在晚上睡觉的时候人的血液黏稠,血液流动缓慢时极容易发生心梗而导致死亡,在肺源性猝死方面由于睡觉时人的呼吸功频率减慢。很多人有呼吸暂停综合征和打呼噜等情况,常常可以导致缺血,再加上有肺部疾病作为基础,极容易发生猝死的现象。在半夜里也会出现脑卒中后猝死,主要是脑出血所致。由于在半夜里面血液黏稠可以堵塞血管,使其膨胀而破裂会出现脑出血导致猝死的现象。主要参考宁夏大学医科总医院 急诊科副主任医师刘圆圆的解答。	0
睡觉中猝死的方法		昏厥是因为大脑暂时缺氧而发生的一种短暂的意识丧失状态。对于晕倒的病人,应立即让其躺平,下肢抬高,让较多的血液集中在重要器官,以改善脑部的血流供应。同时解开病人的领口、腰带,如处于室内,还要打开窗户,使空气流通。如是因低血糖引起的昏厥,喂服糖水、巧克力等高糖食品,通常能使病人迅速恢复。若上述两种方法均未能令病人苏醒,可取用火消毒过的针刺其中穴和十指尖端十宣穴,稍放出一点血,即能奏效。若针刺后仍不能苏醒,要迅速送往医院诊治。在病人情况严重,已停止呼吸和心跳的时候,必须马上进行人工呼吸和心脏按压,等病人苏醒后,再送医院。在送医院途中,要让病人的双脚高于头部,用毛毯等物品裹住身体保暖。有一点须注意,如果病人是因为脑外伤、脑中风而引起休克,则一定要将头部抬高些。	0
睡觉中猝死的方法		如何避免猝死悲剧的发生?1、生活规律。早睡早起,每晚睡足8 小时,尽量不要熬夜工作,避免精神紧张、大喜大悲,保持心态平和。 2、经常运动。应根据个人喜好坚持适度的有氧运动,每次最好30分钟以上,每周至少3～5 次。这样会有利于保持正常体重,增强心肺功能,增加心肌供血及冠状动脉侧支循环的建立。 3、合理膳食。应以富有营养的清淡饮食为主,做到按时进餐、饮食有节,避免暴饮暴食,适时补充水分,可以避免血液黏度增加及血栓形成。 4、戒烟限酒。因为吸烟与冠状动脉硬化明显相关,烟中的焦油等有害成分可使血管痉挛,而一氧化碳也会降低血液中血红蛋白的携氧能力,造成心肌缺氧;大量饮酒则可能使血压升高,增加心脏负担。 5、定期体检。一般来说,30 岁以上人群最好每年做一次体检,若检查出患有高血压、高血脂、糖尿病等疾病,则要及早干预,避免危险因素。返回搜狐,查看更多	0
板蓝根颗粒的功效与作用		板兰根冲剂编辑 锁定药名:板兰根冲剂。【英文名称】 Ban Lan Gen Chong Ji。【功效与主治】 清热解毒、凉血;用于温热发热、发斑、风热感冒、咽喉肿烂、流行性乙型脑炎、肝炎、 腮腺炎 。药品名称 板兰根冲剂  英文名称 Ban Lan Gen Chong Ji剂型 冲剂 产品类目 中成药1 基本信息 2 板兰根药理作用药名:板兰根冲剂。【包装】 袋。【用途】 发热、 风热感冒、 咽炎、 乙型脑炎。【药物成份】 北板兰根。【功效与主治】 清热解毒、凉血;用于温热发热、发斑、风热感冒、咽喉肿烂、流行性乙型脑炎、肝炎、 腮腺炎 。	1
板蓝根颗粒的功效与作用		清热利咽,散结止痛,祛痰止咳。用于风热袭肺或痰热壅肺所致的咽部红肿、咽痛、发热、咳嗽;急性咽炎、慢性咽炎急性发作及上呼吸道感染见上述证候者。 功效主治 清瘟解毒,宣肺泄热。用于治疗流行性感冒属热毒袭肺证,症见:发热或高热,恶寒,肌肉酸痛,鼻塞流涕,咳嗽,头痛,咽干咽痛,舌偏红,苔黄或黄腻等。开水冲服。一次20克,一日3次。 用法用量 口服。一次4粒,一日3次。尚不明确 不良反应 尚不明确。孕妇慎用;糖尿病患者禁服。 禁忌症 尚不明确。查看详细说明书 查看详细说明书	0
板蓝根颗粒的功效与作用		1 药品类型  2 性状  3 主要功效  4 适用病症5 用法用量  6 药性分析  7 不良反应  8 药品禁忌9 注意事项  10 药物相互作用  11 贮藏方法本品为糖衣片或薄膜衣片,除去包衣后显黄棕色至棕褐色;气香,味苦。清热通便,散风止痛。用于上焦内热,症见头晕脑胀,牙龈肿痛,口舌生疮,咽喉红肿,耳痛耳鸣,暴发火眼,大便干燥,小便黄赤。口服,一次6片,一日2次。方中黄连、黄芩、黄柏、石膏清热泻火,共为主药;栀子、大黄功专清热,并引热从二便而出,连翘、菊花、荆芥穗、白芷、蔓荆子、川芎、防风、薄荷能疏散头面风热,清解热毒,共为辅药;佐以旋覆花降逆和中;桔梗宣肺气,利咽喉,引药上行,甘草调和诸药,用为使药。诸药合用,有疏风清热解毒之效。	0
板蓝根颗粒的功效与作用		一.来源 十字花科植物菘蓝的干燥根。习称“北板蓝根” 二.归类 清热解毒药 三.性能 苦,寒。归心、胃经。 四.功效 清热解毒,凉血,利咽 五.功用特点 (一)清热与凉血之力俱佳 (二)能清解表里之热 (三)可用于外感风热表证及温热病的各个阶段 (四)以解毒利咽散结见长 六.应用 (一)外感发热,温病初起——单用、复方(+金银花) 风热上攻,咽喉肿痛——配伍牛蒡子 (二)温毒发斑,痄腮,丹毒多种瘟疫热毒之证,痈肿疮毒,咽喉肿痛 作用一一清热解毒,凉血消肿,利咽 七.用法用量 煎服,9-15g 八.使用注意 (一)体虚无实火热毒者忌服 (二)脾胃虚寒者慎用	0
板蓝根颗粒的功效与作用		百度经验 > 生活/家居 > 生活常识百度经验:jingyan.baidu.com板蓝根为十字花科植物菘蓝的根,是常用的药材。别名又叫大靛、蓝靛。板蓝根以平直、坚实、粉性大、粗壮者为佳。百度经验:jingyan.baidu.com1 在功效作用方面,板蓝根味苦,具有清热解毒、凉血、消斑、利咽等功效,主要用于温热病发热、头痛、喉痛、斑疹、流行性腮腺炎、痈肿疮毒等病症的治疗。 2 板蓝根具有体外广谱抗菌作用(包括痢疾细菌、沙门氏细菌、溶血性链形菌),是抗菌消炎、止痛、退热的传统中草药。 3 此外,板蓝根内含有多种抗病毒物质,对感冒病毒、腮腺炎病毒、肝炎病毒及流脑病毒等有较强的抑制和杀灭作用。板蓝根与贯众、金银花、野菊花等合用,用于治疗某些传染病。 END	0
板蓝根颗粒的功效与作用		养生导读:板蓝根是一种中成药,家中常备的防治感冒的就有板蓝根冲剂。其实板蓝根的用途不仅是治疗感冒,板蓝根的功效与作用多,对多种细菌性、病毒性疾病都有较好的预防与治疗作用。但要注意了,板蓝根也有副作用,不是所有人都能吃板蓝根的!板蓝根是大家非常熟悉的一种中成药。板蓝根是十字花科植物菘蓝和草大青的根,性味苦寒,归心、肺经,具有清热解毒,凉血利咽的功效。自古以来传统医学用之治疗温毒发斑、喉痹、大头瘟、丹毒、痈肿等的热毒证。对于流感、病毒感染引起的急性扁桃体炎、咽炎、流行性腮腺炎等疾病,服用板蓝根冲剂可起到预防和治疗作用。成人服用剂量可以每次1～2袋,每日3次。幼儿园和学校易出现流感、腮腺炎、水痘、流脑、手足口病等疾病的传播和流行,若服用板蓝根冲剂可起到良好预防作用。儿童用量为半袋至1袋,每日3次。	1
板蓝根颗粒的功效与作用		板蓝根(Radis Isatidis),别名靛青根、蓝靛根、靛根,为十字花科植物菘蓝(Isatis indigotica Fort.)的干燥根。本品始载于《神农本草经》,具有清热解毒、凉血消瘀、利咽消肿之功效。本品呈圆柱形, 稍扭曲,长10～20cm,直径0.5～1cm。表面淡灰黄色或淡棕黄色,有纵皱纹及横生皮孔,并有支根或支根痕。可见暗绿色或暗棕色轮状排列的叶柄残基和密集的疣状突起。体实,质略软,断面皮部黄白色,木部黄色。气微,味微甜后苦涩。具有清热解毒、凉血利咽之功效。板蓝根主要化学成份包括1-硫氰酸一2-羟基-3-丁烯、(+)5-乙烯口恶唑烷-2- 硫酮、腺甙(Adenosine)、棕榈酸、β-谷甾醇、蔗糖、靛蓝、靛玉红及精氨酸等〔1,2〕。作为传统的常用中药,板蓝根在我国河北、江苏、河南、安徽、陕西、甘肃、黑龙江等地均有栽培。近年来,关于板蓝根的药理作用和临床应用文献较多,本文主要综述了板蓝根的药理作用、临床应用和不良反应。	0
板蓝根颗粒的功效与作用		一、心血管系统的作用 1、强心加强心肌收缩力、改善心脏功能,不增加心肌耗氧量。 2、对血管作用,扩张冠脉,增加心肌血流量;扩张外周血管,血流增加;脑血流量下降。 3、抗血栓形成提高纤溶酶活性;延长出、凝血时间;抑制血小板聚集(提高血小板内cAMP水平抑制TXA2合成);改善血液流变学特性(血粘度降低、红细胞电泳时间缩短) 4、改善微循环,活血。能扩张冠状动脉,增加冠脉流量,改善心肌缺血、梗塞和心脏功能,加强心肌的收缩力,调节心律。能扩张外周血管,血流量增加,脑血流量下降,改善微循环。缩短红细胞及血色素的恢复期,使网织细胞增多,能促进组织的修复,缩短时间愈合。能提高机体耐缺氧能力。 二、促进组织的修复与再生作用 1、促进组织的修复与再生,丹参制剂治疗:坏死心肌清除快;纤维母细胞分化、胶原纤维形成较明显;肉芽形成比较成熟。局部淤血减轻、血液循环改善,愈合时间缩短。 2、抑制过度增生,对过度增生的纤维母细胞有抑制作用。 三、保肝,改善肝微循环。 四、抗菌丹参制剂中含有隐丹参酮、二氢丹参酮,对体外的葡萄球菌、大肠杆菌、变性杆菌有抑制作用。 丹参食疗作用丹参味苦、微辛,性微寒;心、脾、肝、肾血分之药;具有活血祛瘀,养血安神,凉血消肿的功效;主治瘀血头、胸、胁、腹疼痛,积聚,月经不调,痛经经闭,产后瘀滞腹痛,关节痹痛,跌打瘀肿,温病心烦,血虚心悸,疮疡肿毒,丹疹疥癣。 丹参的应用用于胸肋胁痛,风湿痹痛,症瘕结块,疮疡肿痛,跌仆伤痛,月经不调,经闭痛经,产后瘀痛等。治疗胸肋疼痛、症瘕结块,以及月经不调、经闭经痛具有良效,常与川芎配伍应用。在治疗胸腹疼痛属于气滞血瘀方面,往往配合砂仁、檀香等药同用。	0
板蓝根颗粒的功效与作用		养阴润肺,清热解毒,清利咽喉,镇咳止痒。用于慢性咽炎引起咽干,咽痒,刺激性咳嗽。口服,一次5片,一日3次。不良反应尚不明确。注意事项禁忌尚不明确。上市许可持有人华润三九(黄石)药业有限公司包装单位盒主要成分玄参、百部(制)、天冬、牡丹皮、麦冬、款冬花(制)、木蝴蝶、地黄、板蓝根、青果、蝉蜕、薄荷素油。辅料为:蔗糖、明胶、滑石粉、硬脂酸镁、食用色素。本品为糖衣片,除去糖衣后显棕褐色;微苦,辛。适用人群不限孕妇/哺乳期用药无相关资料儿童用药无相关资料老年患者用药无相关资料贮藏密封,置阴凉处。	0
板蓝根颗粒的功效与作用		功能主治:清热解毒。用于风热感冒发热,咳嗽,咽痛。金嗓开音丸主要成分:金银花、连翘、玄参、板蓝根、赤芍、黄芩、桑叶、菊花、前胡、苦杏仁、牛蒡子、泽泻、胖大海、僵蚕(麸炒)、蝉蜕、木蝴蝶。功能主治:清热解毒,疏风利咽。用于风热邪毒引起的咽喉肿痛,声音嘶哑,急性、亚急性咽炎、喉炎。小儿清热宁颗粒主要成分:羚羊角粉、人工牛黄、金银花、黄芩、柴胡、板蓝根、水牛角浓缩粉、冰片。功能主治:清热解毒。用于外感温邪,脏腑实热引起的内热高烧,咽喉肿痛,咳嗽痰盛,大便干燥。清开灵口服液主要成分:胆酸、珍珠母、猪去氧胆酸、栀子、水牛角、板蓝根、黄芩苷、金银花。	0
oracle 时间格式		DATE格式转换:一、在使用Oracle的to_date函数来做日期转换时,很多Java程序员也许会直接的采用“yyyy-MM-dd HH:mm:ss”的格式作为格式进行转换,但是在Oracle中会引起错误:“ORA 01810 格式代码出现两次”。 如:select to_date( '2005-01-01 13:14:20 ', 'yyyy-MM-dd HH24:mm:ss ') from dual; 原因是:SQL中不区分大小写,MM和mm被认为是相同的格式代码,所以Oracle的SQL采用了mi代替分钟。 select to_date( '2005-01-01 13:14:20 ', 'yyyy-MM-dd HH24:mi:ss ') from dual; 二、另要以24小时的形式显示出来要用HH24 假设当前时间为:2013-11-25 18:45:32select to_char(sysdate, 'yyyy-MM-dd HH24:mi:ss ') from dual;//mi是分钟 2013-11-25 18:45:32select to_char(sysdate, 'yyyy-MM-dd HH24:mm:ss ') from dual;//mm会显示月份 2013-11-25 18:11:321.日期格式参数及其含义说明 D 一周中的星期几 DAY 天的名字,使用空格填充到9个字符 DD 月中的第几天 DDD 年中的第几天 DY 天的简写名 IW ISO标准的年中的第几周 IYYY ISO标准的四位年份 YYYY 四位年份	1
oracle 时间格式		5. 暂停任务6. 恢复任务7. 删除任务8. 立即运行任务9. 更新任务(时间表达式)四、时间表达式说明字段 允许值 允许的特殊字符秒0-59 , – * /分0-59 , – * /小时0-23 , – * /日期1-31 , – * ? / L W C月份1-12 或者 JAN-DEC , – * /星期1-7 或者 SUN-SAT , – * ? / L C #年(可选) 留空, 1970-2099 , – * /"0 0 12 * * ?" 每天中午12点触发"0 15 10 ? * *" 每天上午10:15触发	0
oracle 时间格式		ctrl+shift+;  ：插入时间ctrl+;    ：输入日期ctrl+shift+#   ：应用含年，月，日的“日期”格式ctrl+shift+@    ：应用含小时和分钟并标明上午或下午的“时间”格式另外也可以用函数解决，希望能够帮到你日期：Ctrl+;时间：Ctrl+Shift+;Ctrl+;（Ctrl加分号）ctri+；   是     插入日期ctri+shift+；    是  插入时间在活动表的某单元格中输入=NOW（）	0
oracle 时间格式		public int timer = 190; //开启时间 IEnumerator OpenTimer(int timer) { TimerText.text = string.Format("{0:D2}:{1:D2}", timer / 60, timer % 60); while (timer > 0) { yield return new WaitForSeconds(1); timer--; TimerText.text = string.Format("{0:D2}:{1:D2}", timer / 60, timer % 60); } }4.格式:天时分秒	0
oracle 时间格式		头文件：#include定义函数：struct tm *gmtime(const time_t *timep);函数说明：gmtime()将参数timep 所指的time_t 结构中的信息转换成真实世界所使用的时间日期表示方法，然后将结果由结构tm 返回。结构tm 的定义为structtm{inttm_sec;inttm_min;inttm_hour;inttm_mday;inttm_mon;inttm_year;inttm_wday;inttm_yday;inttm_isdst;};struct tm{     int tm_sec;  //代表目前秒数, 正常范围为0-59, 但允许至61 秒     int tm_min;  //代表目前分数, 范围0-59     int tm_hour;  //从午夜算起的时数, 范围为0-23     int tm_mday;  //目前月份的日数, 范围01-31     int tm_mon;  //代表目前月份, 从一月算起, 范围从0-11     int tm_year;  //从1900 年算起至今的年数     int tm_wday;  //一星期的日数, 从星期一算起, 范围为0-6     int tm_yday;  //从今年1 月1 日算起至今的天数, 范围为0-365     int tm_isdst;  //日光节约时间的旗标 };	0
回扣怎么做账		楼上的朋友,你怎么重复我的问题.再给点意见呀!:rolleyes:楼上的朋友,你怎么重复我的问题.再给点意见呀!:rolleyes:叫业务员随便找点票代替它,作营业费用----市场开发费入帐算了。叫业务员随便找点票代替它,作营业费用----市场开发费入帐算了。你这可是违法行为,税务局知道你们单位就完蛋了,可要千万注意。你这可是违法行为,税务局知道你们单位就完蛋了,可要千万注意。我该怎么办呀?我该怎么办呀?其实也没什么的,不要叫它回扣吗?叫支付给个人的销售佣金嘛!给个人的不就不用发票嘛!再找几个相关领导签个支付证明嘛!就叫营业费用---销售佣金 佣金的扣除。佣金指纳税人在推销产品或劳务过程中向中介代理人支付的必要的、合理的报酬。佣金符合下列条件的,可计入销售费用。在税前扣除: (一)有合法真实凭证; (二)支付的对象必须是独立的有权从事中介服务的纳税人或个人(不含本企业雇员); (三)支付给个人的佣金,除另有规定者外,不得超过服务金额的5%。	1
回扣怎么做账		①简单粗暴型 很多中小企业发放“回扣”时,以老板的名义直接取现一笔,支付宝/微信转账给收“回扣”方。该款项当然也顺理成章的挂在老板头上,借记“其他应收款—应收老板”,贷记“货币资金”。成年累月的积累下来,其他应收款里应收老板的款项就变得相当“可观”。10年过后,谁还记得这事? 不过,根据税法相关条款规定,借款超过1年视同分配,老板需按照“利息股息红利所得”缴纳20%个税。这样的方式,真的是简单粗暴,顾前不顾后,划不来~ 税法依据:《财政部 国家税务总局关于规范个人投资者个人所得税征收管理的通知》(财税〔2003〕158号)第二条,纳税年度内个人投资者从其投资的企业(个人独资企业、合伙企业除外)借款,在该纳税年度终了后既不归还,又未用于企业生产经营的,其未归还的借款可视为企业对个人投资者的红利分配,依照“利息、股息、红利所得”项目计征个人所得税。 ②找发票入账型 还要很多企业,钱先转给收“回扣”方,财务、销售等成员想尽千方百计找发票,入成本入费用。诸如:餐饮发票、滴滴打车发票、各种加油票等。金额不大也还好,金额一大,往小里说,部分成本费用限额抵扣,往大里说,税局天天就是研究这个的,还不重点关照你?“喝茶”也只是时间问题 ③老板割肉型 这种方式比较特殊,老板得自掏腰包支付“回扣”,金额小点倒无所谓,金额大点老板可真得“割肉”了!不过话又说回来,公司都是老板的,涉税风险都能合理合法规避,又没什么漏洞!哪怕国际四大会计师事务所查个底朝天,也不会查出任何问题。问题的关键在于老板! ④高筑“防火墙”型 设置防火墙就是通过增设一道中介隔离风险。一般是通过给经销商让利销售的方式实现。找第三方中介公司处理回扣事宜,以咨询服务费之类的“佣金”形式体现。这样做也是全流程合理合法,相当于为企业设置了一道防火墙,比如《人民的名义》电视剧中就有类似的情节。有的企业自己贷款贷不来,就找一个财务公司做中间人提供咨询做报告,同时将回扣事宜也一并隐含,其本质都是这个套路。不过因为多了一道交易环节,这样操作会增加企业的成本。从这个角度看,设置防火墙就是花钱买规范、花钱避风险。 ⑤收“回扣”方注册皮包公司型 收“回扣”方借用自己或其朋友的名义注册一家所谓的“咨询公司”,提供所谓技术咨询服务,但实际上只是一个空壳公司。企业在向收“回扣”方支付回扣时,签订一份“技术咨询服务合同”,由皮包公司收款并开具发票。 “回扣”行为本游走在违法的边缘,建议财务小姐姐们,谨慎处理好这事,收“回扣”方提供发票也许是最安全的解决方案!自身的职业安全还是很重要的!	0
回扣怎么做账		​一、返点给公司正常处理公司把商品给商场代销,商场直接把扣点在发票金额上减去,扣点是24%,现在我们的销售额56341元,商场让我们开42819.16的票过去。如果扣点没在发票中体现,直接按开票金额42819.16做帐就可以了。借:应收账款--商场 42819.16贷:主营业务收入 37893.06(42819.16/1.13)贷:应交税金--增值税(销项税额)4926.10如果发票按56341元开,(1)根据发票入帐时借:应收账款--商场 56341贷:主营业务收入 49859.29(56341/1.13)贷:应交税金--增值税(销项税额)6481.71(2)收回货款,并扣除24%代销费用	0
回扣怎么做账		会计人须看,公司销售给出的佣金、返点、回扣等,会计如何做账?会计人须看,公司销售给出的佣金、返点、回扣等,会计如何做账?先要分清佣金、回扣、返点给谁了。如果给单位了,做销售折扣与现金折扣都无不可。未开发票,做销售折扣;已开发票,做现金折扣。如果给个人了,做账就费劲了,这种事多见不得光。有的企业会找发票报销,有的会做成无票服务费,这两种做法都有税务风险。正确做法是做成劳务费,并代扣个税。更多初级会计师考试报考条件、考试时间和历年真题在这里>>>初级会计师考试想考试拿高分? 考无忧助你考试无忧>>>专家推荐在线考题	0
回扣怎么做账		※①与收回坏帐无关 ②客户用商品抵债的进项税不在此反映。 2、 收到的税费返还=返还的 (增值税+消费费+营业税+关税+所得税+教育费附加) 等 3、收到的其他与经营活动有关的现金 =除上述经营活动以外的其他经营活动有关的现金 ※4、购买商品、接受劳务支付的现金 =[主营业务成本(或其他支出支出) + 存货期末价值-存货期初价值)] +应交税金(应交增值税-进项税额) +(应付 帐款期初数-应付帐款期末数) +(应付票据期初数-应付票据期末数) +(预付 帐款期末数-预付帐款期初数) +库存商品改变用途价值(如工程领用)+库存商 品盘亏损失 -当期列入生产成本、 制造费用的工资及福利费-当期列入生产成本、 制造费用的折旧费和摊销的大修理费 -库存商品增加额中包含的分配进入的制造费用、生产工人工资±特殊调整事项 特殊调整事项的处理,如果借:应付帐款、应付票据、预付帐款等(存贷类), 贷方不是“现金类”科目,则减去,如果贷:应付帐款数、应付票据、预付帐款 等,借方不是“销售成本或进项税”科目,则加上。	0
回扣怎么做账		其实也没什么的,不要叫它回扣吗?叫支付给个人的销售佣金嘛!给个人的不就不用发票嘛!再找几个相关领导签个支付证明嘛!就叫营业费用---销售佣金 佣金的扣除。佣金指纳税人在推销产品或劳务过程中向中介代理人支付的必要的、合理的报酬。佣金符合下列条件的,可计入销售费用。在税前扣除: (一)有合法真实凭证; (二)支付的对象必须是独立的有权从事中介服务的纳税人或个人(不含本企业雇员); (三)支付给个人的佣金,除另有规定者外,不得超过服务金额的5%。怎么样的凭证是合法有效的? 开一张收据,由个人及领导签字,这样可以吗? 谢谢楼上的,ZXG_76	1
回扣怎么做账		※①与收回坏帐无关 ②客户用商品抵债的进项税不在此反映。 2、 收到的税费返还=返还的 (增值税+消费费+营业税+关税+所得税+教育费附加) 等 3、收到的其他与经营活动有关的现金 =除上述经营活动以外的其他经营活动有关的现金 ※4、购买商品、接受劳务支付的现金 =[主营业务成本(或其他支出支出) + 存货期末价值-存货期初价值)] +应交税金(应交增值税-进项税额) +(应付 帐款期初数-应付帐款期末数) +(应付票据期初数-应付票据期末数) +(预付 帐款期末数-预付帐款期初数) +库存商品改变用途价值(如工程领用)+库存商 品盘亏损失 -当期列入生产成本、 制造费用的工资及福利费-当期列入生产成本、 制造费用的折旧费和摊销的大修理费 -库存商品增加额中包含的分配进入的制造费用、生产工人工资±特殊调整事项 特殊调整事项的处理,如果借:应付帐款、应付票据、预付帐款等(存贷类), 贷方不是“现金类”科目,则减去,如果贷:应付帐款数、应付票据、预付帐款 等,借方不是“销售成本或进项税”科目,则加上。	0
回扣怎么做账		①企业销售商品或提供劳务实现的收入,应按实际收到或应收的金额,借记“银行存款”、“应收账款”、“应收票据”等科目,按确认的营业收入,贷记本科目。其中涉及增值税销项税额的,还应进行相应的处理。 ②企业采用递延方式分期收款、具有融资性质的销售商品或提供劳务满足收入确认条件的,按应收合同或协议价款,借记“长期应收款”科目,按应收合同或协议价款的公允价值(折现值),贷记本科目,按其差额,贷记“未实现融资收益”科目。 ③以库存商品进行非货币性资产交换(非货币性资产交换具有商业实质且公允价值能够可靠计量)、债务重组的,应按该产成品、商品的公允价值,借记“库存商品”、“应交税费——应交增值税”等科目,贷记本科目。 ④本期(月)发生的销售退回或销售折让,按应冲减的营业收入,借记本科目,按实际支付或应退还的金额,贷记“银行存款”、“应收账款”、“应收票据”等科目。其中涉及增值税销项税额的,还应进行相应的处理。	0
回扣怎么做账		(1)企业购入材料、商品等验收入库,但货款尚未支付,根据有关凭证(发票账单、随货同行发票上记载的实际价款或暂估价值),借记“材料采购”、“在途物资”等科目,按可抵扣的增值税额,借记“应交税费——应交增值税(进项税额)”等科目,按应付的价款,贷记本科目。 (2)接受供应单位提供劳务而发生的应付未付款项,根据供应单位的发票账单,借记“生产成本”、“管理费用”等科目,贷记本科目。支付时,借记本科目,贷记“银行存款”等科目。 (3)采用售后回购方式融资的,在发出商品等资产时,应按实际收到或应收的金额,借记“银行存款”、“应收账款”等科目,按专用发票上注明的增值税额,贷记“应交税费——应交增值税(销项税额)”科目,按其差额,贷记本科目。回购价格与原销售价格之间的差额,应在售后回购期间内按期计提利息费用,借记“财务费用”科目,贷记本科目。 购回该项商品等时,应按回购商品等的价款,借记本科目,按可抵扣的增值税额,借记“应交税费——应交增值税(进项税额)”科目,按实际支付的金额,贷记“银行存款”科目。 (4)企业与债权人进行债务重组,应当分别债务重组的不同方式进行账务处理 ①以低于应付债务账面价值的现金清偿债务的,应按应付账款的账面余额,借记本科目,按实际支付的金额,贷记“银行存款”科目,按其差额,贷记“营业外收入——债务重组利得”科目。 ②企业以非现金资产清偿债务的,应按应付账款的账面余额,借记本科目,按用于清偿债务的非现金资产的公允价值,贷记“交易性金融资产”、“其他业务收入”、“主营业务收入”、“固定资产清理”、“无形资产”、“长期股权投资”等科目,按应支付的相关税费,贷记“应交税费”等科目,按其差额,贷记“营业外收入”等科目或借记“营业外支出”等科目。 ③以债务转为资本,应按应付账款的账面余额,借记本科目,按债权人因放弃债权而享有的股权的公允价值,贷记“实收资本”或“股本”、“资本公积——资本溢价或股本溢价”科目,按其差额,贷记“营业外收入——债务重组利得”科目。 ④以修改其他债务条件进行清偿的,应将重组债务的账面余额与重组后债务的公允价值的差额,借记本科目,贷记“营业外收入——债务重组利得”科目。	0
回扣怎么做账		记得做凭证时摘要不能写回扣,应计销售佣金,客户去地税局开具发票,企业凭发票入账,计入"销售费用".还得注意以下几点:1、企业所得税税前扣除规定:回扣支出,不得在税前扣除。(所以不能以回扣方式来入账,改变一下) 2、可以按销售佣金来处理,合理合法,但是佣金应符合以下条件:A、有合法真实凭证 B、支付的对象必须是独立从事中介的纳税人或个人(支付对象不能是本企业员工)C、支付给个人的佣金,除另有规定外,不得超过服务金额的5% 如果你认为佣金太麻烦,就去税务局开具劳务发票,来冲账就行,千万不能用回扣来入账。	0
冰血暴好看吗		有没有人看过?今天听说冰血暴特别好看,豆瓣上评分也很高。还有大家最近都在看什么剧,最近看完了几部以前很经典的剧,都是全部完结的,现在的新剧很多,大家推荐一下第一季,相当精彩,久久不能平息!百度移动游戏玩家均可认证(限百度账号),去领取活动截止:2100-01-01等权利的游戏第六季,等的很辛苦!无耻之徒,摩登家庭,行尸走肉,绝命毒师。有网盘链接吗 --害怕的时候往床下看看,你不是一个人 (´⊙ω⊙`)怎奈黎明不懂哀伤, 双人成单。谁能忘记那段时光, 离别容易再见难。登录百度帐号贴吧页面意见反馈 违规贴吧举报反馈通道 贴吧垃圾信息处理公示	1
冰血暴好看吗		盖里奇风格,有时候普通观众容易看不懂,而引发打低分华纳每年都会有一部在评论界被黑而且是从北美到天朝都被黑这种!估计都习惯了而迪士尼每年有五部在评论界过誉而且是从北美到天朝都过誉这种!大家也习惯了跟古装魔幻没关系吧,哈比人不是挺多人看嘛我觉得还不错吧,挺喜欢这种风格,插曲尤其好听,已经找原声专辑循环播放,现在在去看银卫2的路上,看看是不是很粉丝电影。宣传力度太小,倒叙手法用太多不,没出国语不易看懂。我看了两遍,好片第一次在VIP厅看的电影,差点睡着了。开头大象,结尾一场boss战,剩下全无燃点——让偶好奇的是投资1.75E那么大,钱都花哪里了	0
冰血暴好看吗		还不错,没特效,看着挺舒服的没特效,比职业杀手看过去爽多了没特效换身衣服罢了!不建议买除非以后变限定贴吧页面意见反馈违规贴吧举报反馈通道贴吧违规信息处理公示	0
冰血暴好看吗		登录后你可以奔着网上的风评去看的, 一开始看了一集有点看不下去,后来一个朋友说很好看,于是下决心要看看。不知不觉第一季就看完了,非常浓厚的科恩兄弟的风格,平常基本不太会细究影评这类东西,唯一写过影评也是上大学作业,评的就是科恩兄弟的老无所依,看完冰血暴就觉得完全能看出来就是一个风格。。。无情冷酷残暴黑色幽默,小镇的简单纯朴和人心人性的残暴。不能说有非常激动人心的好看,只能说跟别的追的美剧的确风格别具一格。	0
冰血暴好看吗		相关阅读: 《美女与野兽》上映首周北美电影票房冠军 刷新多项记录2017-03-23 冰血暴第三季发布主要角色剧照 4月19日播出2017-03-23 Michelle J朦胧系写真曝光 活泼灵动少女感满分2017-03-24新闻 娱乐 福建 泉州 漳州 厦门 《欢乐颂2》颜值PK《花少3》华电集团派员调查7·12陕西蒲城电厂事故 正排查迟报情2017-07-21 15:16 杭州商铺爆炸:居民听到3次爆炸 百米外小区受波及(图)2017-07-21 15:15 骑手戴面纱送餐有“武侠”风范 脸部烧伤其实很孤独2017-07-21 15:13 徐州新沂7.20聚众扰乱社会秩序事件通报 16人被抓2017-07-21 15:12 杭州爆炸店铺系桐庐野鱼馆 附近商家:起火点是厨房2017-07-21 15:07 美国执法机构:全球两大黑市交易网站被关闭2017-07-21 15:07 儿媳倒车撞死婆婆 新手女司机油门当刹车酿悲剧2017-07-21 15:06	0
奶瓶什么材质的最好		百度经验:jingyan.baidu.com什么材质的奶瓶最好呢?奶瓶是宝宝出生后必须要用到的婴儿用品,大多数妈妈们都会提前给宝宝准备好,但在给宝宝挑选奶瓶的时候最纠结的就是:玻璃的容易摔碎,塑料的怕不安全,其他材质的也不太了解……到底什么材质的奶瓶好呢?下面详细讲解了各个奶瓶的优缺点,相信只要看完,关于什么材质的奶瓶好这个问题,你就能迎刃而解。怀孕的喜悦和最难熬的三个月过去后,我就开始帮宝宝准备出生后的东西了,衣服,鞋子,尿布(不是纸尿裤,而是拿以前的纯棉T,给宝宝裁,嘻嘻,环保又省钱)等等。宝宝在肚子里刚过六个月,就在准备着奶瓶水杯这些宝宝稍微长大一点就要用的用品了。看着国内国外各种品牌,各种外形,各种材质的奶瓶,刚开始真的很纠结,问自己的妈妈呢,说自己小时候哪用过这些,刚出生喝母乳,长大一点大人吃什么,随便喂一点给自己就够了,哪像现在的小孩这么金贵的,各种吃的,用的,眼花缭乱的。现在宝宝也3岁多了,马上就要上幼儿园了,偶尔还是会用奶瓶喝点牛奶。看着虎头虎脑的儿子,想想当初的手忙脚乱,这里也给快要和刚当妈妈的一点点自己总结的心得吧。	1
奶瓶什么材质的最好		说法3:都是塑料奶瓶,都不好,会老化塑化,会脱落塑料块~吃进肚子就不好了用高硼硅玻璃吧,法国BV认证的最好·。亲们,奶瓶材质ppsu和pa哪种好你好,我个人觉得还是ppsu的比较好,。	0
奶瓶什么材质的最好		但是要注意的是,玻璃奶瓶适合比较小的宝宝,因为宝宝到了一定阶段,自己拿奶瓶吃奶以后,会有扔奶瓶的现象,这种情况下,质量再好的玻璃奶瓶恐怕也禁不住宝宝多次的摔扔吧。硅胶奶瓶:硅胶还是一种会呼吸的材质,即使放在常温,母乳也不易变质,在冷藏或者冷冻时可以更好的保持母乳的新鲜度。硅胶奶瓶柔软如皮肤的感觉,会对婴儿的情绪起到稳定作用。洗涤、消毒方便,可以彻底清洗奶瓶的各个部位,不用奶瓶刷也可以清洗得干干净净。而且,在开水里或在微波炉里消毒也不会导致变形。硅胶奶瓶比一般的塑料奶瓶耐热,长时间的消毒也不会有问题。把塑料部分取下后,只把硅胶奶瓶和奶嘴放在水里消毒(消毒:一周一到两次)。	0
奶瓶什么材质的最好		易洗度:玻璃与PES清洗的方便程度相同,但PC>PP,瓶身内壁越是滑润细腻,越易清洗。 强度:塑料奶瓶强于玻璃奶瓶。质地越重,越不易携带、使用。透明度:玻璃强于塑料奶瓶(其中PES>PP,因PC含双酚A,在此不作比较),越是通透明亮的奶瓶越容易查看清洁程度。其他:玻璃奶瓶最大缺点是强度低,易碎,碎后易伤人,其他方面皆比塑料奶瓶优异;塑料奶瓶材质较轻,且不易压碎摔坏,婴幼儿也能自己拿着使用,外出时随包携带也较为便捷。	0
奶瓶什么材质的最好		根据不同材质的婴儿奶瓶各有特点,父母可以根据宝宝年龄和自己的实际情况给宝宝选择奶瓶材质。所以在这里向大家强力推荐硅胶奶瓶,是奶瓶市场上新贵,是目前众多年轻妈妈的首要选择!硅胶是一种安全无毒的材料,耐高温不变形、无异味。而且其质感很接近人体皮肤,适合宝宝口感,很受亲睐!经验内容仅供参考,如果您需解决具体问题(尤其法律、医学等领域),建议您详细咨询相关领域专业人士。	0
奶瓶什么材质的最好		百度经验:jingyan.baidu.com1 玻璃奶瓶 玻璃奶瓶的优点是安全性佳、耐热性佳,且不易刮伤、不易藏污垢、好清洗,而且价格也不贵,适合需要多次吃奶的新生儿使用。玻璃奶瓶的缺点就是除了强度不够,易碎,因此适合在家里由妈妈拿着喂宝宝。 玻璃奶瓶 玻璃奶瓶是传统认为最安全的奶瓶,不容易刮花,好清洗,温水一泡,轻轻一晃或者用奶瓶刷子刷一下就好了,不过要注意的是玻璃奶瓶和玻璃杯一样,一下子加开水进去很容易爆裂,我就遇到过一次,那时候宝宝刚满月,想着用开水消毒一下后,装点水给宝宝喝,刚烧好的开水倒进去瓶子就裂了,吓了我一跳,宝宝也吓哭了,刚开始还以为是质量问题,结果网上查了一下,玻璃制品都是这样的。后面知道这个了,也小心了很多。玻璃瓶还有个不好的地方就是重又容易碎,宝宝六个月之前都是用的玻璃瓶,不知道摔坏多少,真是又心疼又担心。 步骤阅读	1
奶瓶什么材质的最好		一般PP、PC材质最高承受的温度为110—120度。在消毒使用过程中,一不小心就会让奶瓶损坏,进而无法使用。而PPSU材质可以采用蒸汽、煮沸、微波炉多种方式杀毒清洗。不用频繁更换,寿命长普通塑料奶瓶一般使用寿命最长不超过3个月,否则会产生二次污染影响孩子健康。相对较好一些的PES奶瓶,建议4-6个月便需要进行更换。而PPSU材质的奶瓶更具耐磨抗酸碱性,一般可以使用到6-8个月后再进行换。兼玻璃奶瓶的安全通透和PP奶瓶的轻盈耐摔特点玻璃最大的优点是耐高温不易产生有毒化学物质。pp材质的奶瓶是轻盈耐摔,在孩子喂养过程中更加安全,携带也方便。而PPSU材质正好集它们优点于一身的完美材质。	0
奶瓶什么材质的最好		所以到底是买ppsu还是玻璃材质的奶瓶要取决于宝妈们自己,看哪一款最适合自己的宝宝。一般建议小月龄宝宝购买ppsu材质更好,不易摔碎,大月龄的宝宝则可以任选一种。	0
奶瓶什么材质的最好		全部答案玻璃的好,方便蒸煮。好消毒,还有一种中间没有吸管的.外型是倾斜型的。最合适刚出生的宝宝。正好躺着喝牛奶,那奶瓶的角度刚好合适放在胸前。,我们家用的百慧妈妈旗下的德国昵哺宽口玻璃奶瓶很不错回忆是苍白2017-06-06 02:03:07	0
奶瓶什么材质的最好		1.ppsu奶瓶 优点:ppsu奶瓶的制作材料不含双酚A,化学稳定性好,加热或者低温环境中都不会有化学物质渗出。而且耐高温,在反复高温消毒的情况下也不会有变质的情况发生。还有一个最大的优点就是它可以用微波炉加热。 缺点:ppsu奶瓶的制作材料本身也属于塑料的一种。只要是塑料的那么就非常容易有奶液的残留,而且在清洗的过程中会把瓶体上的刻度磨损掉。另外这种材料的原料成本比较高,所以售价比较高。 2.玻璃奶瓶 优点:玻璃奶瓶在安全度、透明度以及化学稳定性方面都有其他材料无可比拟的优势。除了高温环境以外即使是在酸性或者碱性环境中也不会有其他有害物质析出。因为玻璃奶瓶内壁光滑,清洗起来就比较容易,不会藏污纳垢。价格方面由于原料成本低,所以售价也比较低。 缺点:玻璃奶瓶的缺点比较容易破碎和重量大。如果不小心碰到地上非常有可能摔碎,而且小月龄的宝宝很难靠自己的力量来握住奶瓶。	0
奶瓶什么材质的最好		百度经验:jingyan.baidu.com1 总的来说,玻璃奶瓶除了强度不够,易碎之外,其他品质都优于塑料奶瓶。但塑料奶瓶有个最大的优点就在于其轻巧不易碎,可以让宝宝自己拿,可以出门时携带。所以,玻璃奶瓶主要还是适合小婴儿,父母在家亲自喂养时可以用。当宝宝长大些,想自己拿奶瓶时,塑料奶瓶就要开始派上大用场了。 塑料中,PES,PPSU质轻强度高,不易破碎,高度透明,性能都不错,不考虑价格因素的话,是首选。尤其新新材料PPSU,比PC更易洗、耐用,几近于玻璃。 个人觉得婴儿期还是用玻璃的好,大人拿着奶瓶喂。等宝宝可以自己拿奶瓶喝奶喝水了,就换PPSU的吧,不容易摔碎! 玻璃材质的比较好,有防爆型的,不易碎,也可以用不含双酚A的塑料奶瓶。就是比较贵。 我用了两个,最安全的用玻璃,最方便的用塑料,不嫌贵的话用不含双酚A的PPSU塑料。 END	1
奶瓶什么材质的最好		贝亲,爱得利的奶瓶都是挺不错的,建议给宝宝用玻璃奶瓶的,比较容易消毒的,用开水煮一下就可以的,还不容易有味道的。大点的宝宝是可以用塑料的奶瓶的。我家宝宝小时候不能自己拿那瓶,需要大人喂的时候,是用的贝亲的玻璃奶瓶。能自己拿的时候,用的BOBO的塑料奶瓶。都还不错。其實貝親不錯的,但有點貴哩,我一直也都用愛得利哩我觉得贝亲的奶瓶还是不错的,新生儿宝宝的话可以使用玻璃的材质比较放心。每家运营商的DNS都不同,而且各省的也不同。你可以问问你的网络提供商,他们会告诉你的。(也可以通过分...B.20世纪上半叶,人类经历了两次世界大战,大量的青壮年人口死于战争;而20世纪下半叶,世界基本处于...	0
奶瓶什么材质的最好		目前,这类奶瓶在日本、欧美国家使用率都非常高。奶粉智库在查看PPSU材质奶瓶时发现,很多奶瓶品牌都有这种材质的奶瓶,如贝亲、飞利浦新安怡、小土豆、好孩子等。 此外,PPSU奶瓶还可以分为普通PPSU奶瓶和防吐PPSU奶瓶。防吐PPSU奶瓶可以有效减少宝宝喝奶时吸入的空气,降低宝宝喝完奶后出现打嗝、胀气和吐奶的几率,这种价格也会更贵,妈妈需要结合宝宝需求和家庭经济选择。★对于硅胶奶瓶:建议1年更换1次。硅胶奶瓶价格高,但安全无害、柔软触感好、不易摔坏、易清洗、易消毒、耐高温、不易老化,但容易粘灰尘,可以长期使用。不过奶瓶本身就属于消耗品,所以建议1年更换1次,这样更能保证宝宝食物的卫生与健康;	0
奶瓶什么材质的最好		其次ppsu及PES类材料都是对婴儿安全的塑料奶瓶,家长们可以让宝宝放心使用,不必担心对宝宝的健康有任何不利的地方,PPSU材质耐温可以达到180度,比普通塑料耐温高,普通塑料耐温最多是120度。一般建议半年左右给宝宝更换奶瓶就可以了。最后合格的塑料产品是坚固耐用的,但是塑料奶瓶一般比玻璃奶瓶清洁起来要麻烦一些,因此一定要给宝宝准备一个奶瓶刷。妈妈在选择奶瓶时如果发现奶瓶很不规则的话,这样的奶瓶一般不容易清洁,所以建议妈妈购买形状规则的奶瓶。同时PPSU奶瓶较轻、耐摔不易破裂并且可微波加热。提醒家长一定要及时给宝宝的奶瓶进行消毒。	0
奶瓶什么材质的最好		相对于我看来，买东西大部分人是买个心安，买奶瓶也是如此，如果你不是刻意去贪便宜，去找那些连厂家厂址都没有的东西的话，一般都是很少会出问题的，反而是要看回最实际的东西，我们的消费能力。毕竟宝宝的生病问题是多方面的，因为一个小小的质量合格的奶瓶而导致的病因是挺少的，反而是在给宝宝使用的我们因为一些细节做得不好而导致的问题多一些。所以，你觉得按你的消费能力买PP或者PC已经能满足你的话，也是可以的。或者说，你觉得按你的消费能力，购买PES和PPSU甚至是Tritan必要的话，那也是无可厚非的。当然啦，心安的另外一个意思也可以说到心理，比如说追求完美。为了达到能杀灭各种细菌的环境，要用到蒸煮烤微波炉等手段，所需要的奶瓶的材质也是很高的。	0
奶瓶什么材质的最好		核心提示:目前市面上的塑料奶瓶的材质主要有PP(聚丙烯)、PPSU(聚苯砜)和PES(聚醚砜树脂)三种,也有少量的PA(聚酰胺)材质,究竟哪一种材质最好呢?孩子吃得多、吃得好,就一定长得高吗?中山大学附属第一医院儿科权威告诉你,答案是否定的。孩子如果吃了过多这三种食物,不但不长个,还会伤身!孩子长高一定要避免的三种食物是什么,关注微信公众号 39健康网 ,发送 长高查询结果。塑料奶瓶什么材质好呢?这个问题很多妈妈都非常关心,尤其是面对超市里各种各样的奶瓶的时候。目前市面上的塑料奶瓶的材质主要有PP(聚丙烯)、PPSU(聚苯砜)和PES(聚醚砜树脂)三种,也有少量的PA(聚酰胺)材质,早期也常用PC(聚碳酸酯)制造奶瓶,但由于PC奶瓶含有双酚A已退出市场。	1
奶瓶什么材质的最好		PPSU奶瓶是塑料奶瓶的一种。从材质上分,奶瓶可分成玻璃奶瓶、塑料奶瓶、硅胶奶瓶3大类,其中塑料奶瓶又有PC奶瓶、PP奶瓶、PES奶瓶、PPSU奶瓶等类别。目前欧盟国家都不使用塑料奶瓶了,都用玻璃奶瓶了。硅胶和塑料都是化学制品,安全性能不如玻璃奶瓶,建议你改用玻璃奶瓶吧[cai哈喽]您可以试试我们的奶瓶。comotomo,韩国原装进口,FDA认证,母乳质感,医疗级硅胶无毒无害不含双酚A,防胀气,摔不坏,更可直接手洗减少洗涤剂对宝宝的危害。[cai开心]http://t.cn/zOOhWEk 祝宝宝快乐茁壮成长。[加油]	0
奶瓶什么材质的最好		贝亲,爱得利的奶瓶都是挺不错的,建议给宝宝用玻璃奶瓶的,比较容易消毒的,用开水煮一下就可以的,还不容易有味道的。大点的宝宝是可以用塑料的奶瓶的。我家宝宝小时候不能自己拿那瓶,需要大人喂的时候,是用的贝亲的玻璃奶瓶。能自己拿的时候,用的BOBO的塑料奶瓶。都还不错。其實貝親不錯的,但有點貴哩,我一直也都用愛得利哩我觉得贝亲的奶瓶还是不错的,新生儿宝宝的话可以使用玻璃的材质比较放心。每家运营商的DNS都不同,而且各省的也不同。你可以问问你的网络提供商,他们会告诉你的。(也可以通过分...B.20世纪上半叶,人类经历了两次世界大战,大量的青壮年人口死于战争;而20世纪下半叶,世界基本处于...	0
奶瓶什么材质的最好		安全性较好:刚刚出生宝宝,基本都是爸爸妈妈喂哺,因此玻璃奶瓶虽然重量较重,但影响不大;对以能够独立饮食的宝宝,建议可以使用塑料奶瓶,因为耐用,实用性强。如相较玻璃奶瓶,不易破裂。奶瓶的数量:建议不用材质的各购买两个,一个容量大的,方便在家里喂哺,一个容量小的,便于外出携带目前市场上有宽口径和标准口径两类奶瓶,您可以根据自己的实际情况来选择。个人觉得标准口径比较实惠,无论是奶瓶还是以后更换奶嘴,价格都比较低。宽口径,主要的优点是清洗方便。形状各异伴随宝宝“成长”圆形:适合0-3个月的宝宝用。这一时期,宝宝吃奶、喝水主要是靠妈妈喂,圆形奶瓶内颈平滑,里面的液体流动顺畅。母乳喂养的宝宝喝水时最好用小号,储存母乳可用大 号的。用其他方式喂养的宝宝则应用大号喂奶,让宝宝一次吃饱。	0
奶瓶什么材质的最好		1、玻璃储奶瓶 玻璃储奶瓶的耐热性强,抗变形程度高,越耐热越不容易变形,刻度的抗磨损度好,容易掌握哺乳量,透明度好。宽口径的玻璃储奶瓶则越来越受到大众的喜爱,与标准口径相比,宽口径的更方便清洗且能转换成奶瓶。玻璃奶瓶使用寿命最长,市面的容玻璃储奶瓶的容量通常为120ml、150ml、220ml、240ml等几种,妈妈们购买时根据自己的实际情况选择购买。玻璃奶瓶除了强度不够,易碎之外,其他品质都优于塑料奶瓶。 2、塑料储奶瓶 塑料类又包括PC(聚碳酯,也称聚碳纤维)、PES(聚醚砜树脂)、PP(聚丙烯),PPSU(聚苯砜树脂)。PPSU,PES、PC,质轻强度高,不易破碎,高度透明,性能都不错,,塑料储奶瓶时间长久后易变黄或不透明,不易查看储奶瓶是否洗净,有的经蒸煮消毒后还会变形,寿命较短,但塑料奶瓶有个最大的优点就在于其轻巧不易碎,方便容易携带。	0
奶瓶什么材质的最好		由于塑料奶瓶共同的特点就是轻巧耐摔,且以上四种材质均安全不含双酚A,要想知道哪种材质好,可以通过透明度、耐磨性、耐高温性能、清洁难易度、更换时间、价格等来比较。透明度和耐磨性:PPSU和PA最佳相比于玻璃奶瓶,塑料奶瓶的劣势就是透明度差和容易磨损,使用时间久了表面就会雾化,无法清楚观察瓶内的奶液,且不便于清洁。不过随着科技的进步,PPSU和PA奶瓶的透明度和耐磨性已经可以媲美玻璃奶瓶。PPSU一般呈现出淡淡的金黄色,但是透明度极高,且不容易磨损。PA为无色透明材质,透明度也非常好。PP材质则是呈现出淡淡的奶白色,通透度要相对差一些。PES的透明度则是介于PP和PPSU之间。	1
奶瓶什么材质的最好		玻璃奶瓶除了强度不够,易碎之外,其他品质都优于塑料奶瓶。但塑料奶瓶有个最大的优点就在于其轻巧不易碎,可以让宝宝自己拿,可以出门时携带。所以,玻璃奶瓶主要还是适合小婴儿,父母在家亲自喂养时可以用。当宝宝长大些,想自己拿奶瓶时,塑料奶瓶就要开始派上大用场了。除了玻璃奶瓶,硅胶奶瓶也是新生儿比较好的选择。不过从价格来说,硅胶奶瓶稍贵一点,但使用寿命比玻璃奶瓶要长,也不会碎裂。玻璃奶瓶好用吗 三岁宝宝喝什么奶粉好 婴儿奶瓶刷如何选购 新生儿一边吃奶一边哭怎么回事 PC奶瓶是什么材质 奶嘴硅胶好还是乳胶好不同材质的婴儿奶瓶各有特点,父母可以根据宝宝年龄和自己的实际情况给宝宝选择奶瓶材质。	0
奶瓶什么材质的最好		但是要注意的是,玻璃奶瓶适合比较小的宝宝,因为宝宝到了一定阶段,自己拿奶瓶吃奶以后,会有扔奶瓶的现象,这种情况下,质量再好的玻璃奶瓶恐怕也禁不住宝宝多次的摔扔吧。硅胶奶瓶:硅胶还是一种会呼吸的材质,即使放在常温,母乳也不易变质,在冷藏或者冷冻时可以更好的保持母乳的新鲜度。硅胶奶瓶柔软如皮肤的感觉,会对婴儿的情绪起到稳定作用。洗涤、消毒方便,可以彻底清洗奶瓶的各个部位,不用奶瓶刷也可以清洗得干干净净。而且,在开水里或在微波炉里消毒也不会导致变形。硅胶奶瓶比一般的塑料奶瓶耐热,长时间的消毒也不会有问题。把塑料部分取下后,只把硅胶奶瓶和奶嘴放在水里消毒(消毒:一周一到两次)。	0
奶瓶什么材质的最好		全部答案玻璃的好,方便蒸煮。好消毒,还有一种中间没有吸管的.外型是倾斜型的。最合适刚出生的宝宝。正好躺着喝牛奶,那奶瓶的角度刚好合适放在胸前。,我们家用的百慧妈妈旗下的德国昵哺宽口玻璃奶瓶很不错回忆是苍白2017-06-06 02:03:07	0
奶瓶什么材质的最好		说法3:都是塑料奶瓶,都不好,会老化塑化,会脱落塑料块~吃进肚子就不好了用高硼硅玻璃吧,法国BV认证的最好·。亲们,奶瓶材质ppsu和pa哪种好你好,我个人觉得还是ppsu的比较好,。	0
奶瓶什么材质的最好		耐高温性能:均能耐受100℃以上的高温由于奶瓶需要高温消毒,因此一般要求有较好的耐高温特性。PP奶瓶一般能耐120℃高温,PPSU奶瓶可耐180℃高温 ,PES奶瓶也可耐受180℃的高温,PA奶瓶可耐220℃高温。清洁难易度:材质关系不大,关键看奶瓶形状塑料奶瓶一般比玻璃奶瓶难以清洁一些,因此奶瓶刷必不可少。从实际使用来看,这四种材质的奶瓶清洁难易程度都差不多,关键还是看奶瓶的造型,如果奶瓶造型较奇特且死角较多,一般不容易清洁,所以一般建议妈妈购买奶瓶形状较为周正的产品。更换时间:越透明和耐磨使用时间越长关于塑料奶瓶的更换时间说法不一,有的商家称3个月就可以更换奶瓶,有的则认为半年才更换,但作为消费者来说,3个月更换一次奶瓶未免太奢侈,通常都是等到奶瓶雾化才开始更换。从这一点来看,如果奶瓶的透明度较高,且比较耐磨,一般能否使用较长的时间,也就是说PPSU、PA、PES的使用时间通常会比PP更长一些,当然这也跟个人的习惯有关。	1
奶瓶什么材质的最好		根据不同材质的婴儿奶瓶各有特点,父母可以根据宝宝年龄和自己的实际情况给宝宝选择奶瓶材质。所以在这里向大家强力推荐硅胶奶瓶,是奶瓶市场上新贵,是目前众多年轻妈妈的首要选择!硅胶是一种安全无毒的材料,耐高温不变形、无异味。而且其质感很接近人体皮肤,适合宝宝口感,很受亲睐!经验内容仅供参考,如果您需解决具体问题(尤其法律、医学等领域),建议您详细咨询相关领域专业人士。	0
奶瓶什么材质的最好		其次ppsu及PES类材料都是对婴儿安全的塑料奶瓶,家长们可以让宝宝放心使用,不必担心对宝宝的健康有任何不利的地方,PPSU材质耐温可以达到180度,比普通塑料耐温高,普通塑料耐温最多是120度。一般建议半年左右给宝宝更换奶瓶就可以了。最后合格的塑料产品是坚固耐用的,但是塑料奶瓶一般比玻璃奶瓶清洁起来要麻烦一些,因此一定要给宝宝准备一个奶瓶刷。妈妈在选择奶瓶时如果发现奶瓶很不规则的话,这样的奶瓶一般不容易清洁,所以建议妈妈购买形状规则的奶瓶。同时PPSU奶瓶较轻、耐摔不易破裂并且可微波加热。提醒家长一定要及时给宝宝的奶瓶进行消毒。	0
奶瓶什么材质的最好		所以到底是买ppsu还是玻璃材质的奶瓶要取决于宝妈们自己,看哪一款最适合自己的宝宝。一般建议小月龄宝宝购买ppsu材质更好,不易摔碎,大月龄的宝宝则可以任选一种。	0
奶瓶什么材质的最好		PPSU奶瓶PPSU是塑料奶瓶中最安全的一种材质,轻便耐摔,耐高温、耐水解等方面也是很好的。这种材质医疗器材上用的也比较多。耐高温达207度,反复蒸汽消毒也没有关系。缺点是相比玻璃奶瓶导热差,温奶的时间可能要长一点。因为较轻,适合6个月以上能自己抓握喝奶的宝宝。硅胶奶瓶使用液态硅胶制成的,柔软如皮肤的感觉,对婴儿的情绪起到稳定的作用。不含双酚A,无色无味,不易破碎,质地柔软,稳定性好,耐高温,不易变形,长时间消毒也不会有问题。较轻,宝宝很容易抓握。适合新生儿不爱喝奶瓶的宝宝,宝宝抓握奶瓶有安抚的作用。	0
奶瓶什么材质的最好		有些消费者担心不严格遵守商家的3个月一换,会威胁宝宝健康。其实合格的塑料产品也是坚固耐用的,虽说使用时间不定,但也不至于才用了3个月就老化,很多产品摆在货架上都不止3个月。产品价格:PP产品最便宜从市面上的产品来看,PPSU(如贝亲、bobo、好孩子)、PES(如新安怡、布朗博士)、PA(如NUK)产品的价格较高,一般在100元左右,而PP产品(大多数牌子都有)的价格要低一些,一般在40～80元不等。奶瓶的价格跟品牌关系也比较好,一般进口品牌售价会相对高一些,如果是同一品牌,PP材质的价格会相对低一些。婴儿洗衣液评测 性价比 质地/泡沫 温和度 清洁实验	1
奶瓶什么材质的最好		安全性较好:刚刚出生宝宝,基本都是爸爸妈妈喂哺,因此玻璃奶瓶虽然重量较重,但影响不大;对以能够独立饮食的宝宝,建议可以使用塑料奶瓶,因为耐用,实用性强。如相较玻璃奶瓶,不易破裂。奶瓶的数量:建议不用材质的各购买两个,一个容量大的,方便在家里喂哺,一个容量小的,便于外出携带目前市场上有宽口径和标准口径两类奶瓶,您可以根据自己的实际情况来选择。个人觉得标准口径比较实惠,无论是奶瓶还是以后更换奶嘴,价格都比较低。宽口径,主要的优点是清洗方便。形状各异伴随宝宝“成长”圆形:适合0-3个月的宝宝用。这一时期,宝宝吃奶、喝水主要是靠妈妈喂,圆形奶瓶内颈平滑,里面的液体流动顺畅。母乳喂养的宝宝喝水时最好用小号,储存母乳可用大 号的。用其他方式喂养的宝宝则应用大号喂奶,让宝宝一次吃饱。	0
奶瓶什么材质的最好		但是要注意的是,玻璃奶瓶适合比较小的宝宝,因为宝宝到了一定阶段,自己拿奶瓶吃奶以后,会有扔奶瓶的现象,这种情况下,质量再好的玻璃奶瓶恐怕也禁不住宝宝多次的摔扔吧。硅胶奶瓶:硅胶还是一种会呼吸的材质,即使放在常温,母乳也不易变质,在冷藏或者冷冻时可以更好的保持母乳的新鲜度。硅胶奶瓶柔软如皮肤的感觉,会对婴儿的情绪起到稳定作用。洗涤、消毒方便,可以彻底清洗奶瓶的各个部位,不用奶瓶刷也可以清洗得干干净净。而且,在开水里或在微波炉里消毒也不会导致变形。硅胶奶瓶比一般的塑料奶瓶耐热,长时间的消毒也不会有问题。把塑料部分取下后,只把硅胶奶瓶和奶嘴放在水里消毒(消毒:一周一到两次)。	0
奶瓶什么材质的最好		1.ppsu奶瓶 优点:ppsu奶瓶的制作材料不含双酚A,化学稳定性好,加热或者低温环境中都不会有化学物质渗出。而且耐高温,在反复高温消毒的情况下也不会有变质的情况发生。还有一个最大的优点就是它可以用微波炉加热。 缺点:ppsu奶瓶的制作材料本身也属于塑料的一种。只要是塑料的那么就非常容易有奶液的残留,而且在清洗的过程中会把瓶体上的刻度磨损掉。另外这种材料的原料成本比较高,所以售价比较高。 2.玻璃奶瓶 优点:玻璃奶瓶在安全度、透明度以及化学稳定性方面都有其他材料无可比拟的优势。除了高温环境以外即使是在酸性或者碱性环境中也不会有其他有害物质析出。因为玻璃奶瓶内壁光滑,清洗起来就比较容易,不会藏污纳垢。价格方面由于原料成本低,所以售价也比较低。 缺点:玻璃奶瓶的缺点比较容易破碎和重量大。如果不小心碰到地上非常有可能摔碎,而且小月龄的宝宝很难靠自己的力量来握住奶瓶。	0
奶瓶什么材质的最好		玻璃奶瓶除了强度不够,易碎之外,其他品质都优于塑料奶瓶。但塑料奶瓶有个最大的优点就在于其轻巧不易碎,可以让宝宝自己拿,可以出门时携带。所以,玻璃奶瓶主要还是适合小婴儿,父母在家亲自喂养时可以用。当宝宝长大些,想自己拿奶瓶时,塑料奶瓶就要开始派上大用场了。除了玻璃奶瓶,硅胶奶瓶也是新生儿比较好的选择。不过从价格来说,硅胶奶瓶稍贵一点,但使用寿命比玻璃奶瓶要长,也不会碎裂。玻璃奶瓶好用吗 三岁宝宝喝什么奶粉好 婴儿奶瓶刷如何选购 新生儿一边吃奶一边哭怎么回事 PC奶瓶是什么材质 奶嘴硅胶好还是乳胶好不同材质的婴儿奶瓶各有特点,父母可以根据宝宝年龄和自己的实际情况给宝宝选择奶瓶材质。	0
奶瓶什么材质的最好		百度经验:jingyan.baidu.com目前市场上的奶瓶玲琅满目,各种材质都有,玻璃奶瓶、塑料奶瓶、硅胶奶瓶、不锈钢奶瓶还有陶瓷奶瓶。我们都知道病从口入,所以在给宝宝选择奶瓶的时候特别注意,有的材质的奶瓶会产生有毒物质,如pc塑料奶瓶含有含有双酚A的成份,对宝宝的身体发育有影响。到底什么样材质的奶瓶好呢?各种材质奶瓶的优缺点是什么呢?百度经验:jingyan.baidu.com百度经验:jingyan.baidu.com百度经验:jingyan.baidu.com百度经验:jingyan.baidu.com	1
奶瓶什么材质的最好		PPSU奶瓶PPSU是塑料奶瓶中最安全的一种材质,轻便耐摔,耐高温、耐水解等方面也是很好的。这种材质医疗器材上用的也比较多。耐高温达207度,反复蒸汽消毒也没有关系。缺点是相比玻璃奶瓶导热差,温奶的时间可能要长一点。因为较轻,适合6个月以上能自己抓握喝奶的宝宝。硅胶奶瓶使用液态硅胶制成的,柔软如皮肤的感觉,对婴儿的情绪起到稳定的作用。不含双酚A,无色无味,不易破碎,质地柔软,稳定性好,耐高温,不易变形,长时间消毒也不会有问题。较轻,宝宝很容易抓握。适合新生儿不爱喝奶瓶的宝宝,宝宝抓握奶瓶有安抚的作用。	0
奶瓶什么材质的最好		1、玻璃储奶瓶 玻璃储奶瓶的耐热性强,抗变形程度高,越耐热越不容易变形,刻度的抗磨损度好,容易掌握哺乳量,透明度好。宽口径的玻璃储奶瓶则越来越受到大众的喜爱,与标准口径相比,宽口径的更方便清洗且能转换成奶瓶。玻璃奶瓶使用寿命最长,市面的容玻璃储奶瓶的容量通常为120ml、150ml、220ml、240ml等几种,妈妈们购买时根据自己的实际情况选择购买。玻璃奶瓶除了强度不够,易碎之外,其他品质都优于塑料奶瓶。 2、塑料储奶瓶 塑料类又包括PC(聚碳酯,也称聚碳纤维)、PES(聚醚砜树脂)、PP(聚丙烯),PPSU(聚苯砜树脂)。PPSU,PES、PC,质轻强度高,不易破碎,高度透明,性能都不错,,塑料储奶瓶时间长久后易变黄或不透明,不易查看储奶瓶是否洗净,有的经蒸煮消毒后还会变形,寿命较短,但塑料奶瓶有个最大的优点就在于其轻巧不易碎,方便容易携带。	0
奶瓶什么材质的最好		ppsu 与pes属于 一类聚砜类,高性能特种工程塑料,当然价格最昂贵,这两个材料使用于塑料奶瓶,都是目前最理想的选择,一直占领着奶瓶的高端市场,国内才刚刚开始流行。高耐温,耐水解(寿命在145度的蒸汽下至少可以使用12年),特别是ppsu的耐化学腐蚀性比pes要好很多。。我觉得塑料的都不好,玻璃的最好,塑料奶瓶还有一种物质对宝宝的伤害还没有定性,所以欧洲已经开始停止销售含有那种物质的奶瓶,前几天看电视新闻看到的,很幸运我宝宝就是用的玻璃的,德国昵哺的。每家运营商的DNS都不同,而且各省的也不同。你可以问问你的网络提供商,他们会告诉你的。(也可以通过分...	0
奶瓶什么材质的最好		最好选择,耐高温宽口玻璃奶瓶.因为每天都要给奶瓶用沸水消毒.质地一定要选耐高温的.另外玻璃的奶瓶可以更好的感觉奶的温度.最好准备两个,120ml 240ml.奶嘴要选0+的.推荐品牌: NUK爱得利,贝亲,我家宝宝用的是好孩子 .(主要给宝宝选择适合他的奶嘴)晴空OT1 2014-04-24 15:44宝宝知道提示您:回答为网友贡献,仅供参考。铅,BS你一下,这么简单的问题还用发问?首选玻璃的,牌子我也推荐NUK,其它的奶瓶材质不一,还不断有新材料面市,虽然目前没有发现有毒的报导,但是谁知道什么时候就爆出XX材料有问题也未可知,而玻璃的经过几百年的验证的,要安全得多,毕竟玻璃的稳定性最高,几乎所有的化学试剂都用玻璃瓶盛装就是这个道理。不过...考虑到便携,不易碎等特点,建议买只PES、PC等材料的奶瓶备用,方便出门的时候携带。其实奶嘴的选择才是关键,它的影响比奶瓶大多了,可以根据个人试用感觉来,适合的才是最好的,原则是无毒、舒适、易于吸吮。 至于奶粉嘛,推荐两个牌子,多美滋和美赞臣,选择嘛,四个方便: 1.研究配方表,看你主要关心哪些成分; 2.看网上的评测,这个意见要专业点,看网友意见,多多了解其他人的使用感受; 3.自己试用效果,看宝宝能不能接受,有没有不良反应等等; 4.听专业医生建议,这个仅供参考,现在的“砖家”不保险!	0
奶瓶什么材质的最好		百度经验:jingyan.baidu.com百度经验:jingyan.baidu.com百度经验:jingyan.baidu.com1 刚出生的宝宝,建议使用玻璃奶瓶,一般0-6个月的宝宝很少会自己拿着奶瓶吃奶喝水,所以这个时段建议爸爸妈妈给宝宝买玻璃奶瓶。 2 6个月以上或者开始想自己拿奶瓶的话,可以选择ppsu材质的塑料奶瓶,这样轻巧不容易碎,而且也比较安全,当然也可以选择硅胶奶瓶,只是硅胶还是有一点味道的。 END百度经验:jingyan.baidu.com经验内容仅供参考,如果您需解决具体问题(尤其法律、医学等领域),建议您详细咨询相关领域专业人士。	1
奶瓶什么材质的最好		玻璃奶瓶好还是塑料奶瓶好呢?答案不是绝对的,它们各有优缺,要根据用户的需求来选。总体而言,玻璃奶瓶除了强度不够、易碎之外,其他品质都优于塑料奶瓶。 玻璃奶瓶主要还是适合小婴儿,父母在家亲自喂养时可以用。 [详细]2016-05-26 标签:玻璃奶瓶还是塑料奶瓶好塑料奶瓶中,PPSU、PES、PP质轻强度高,不易破碎,高度透明,性能都不错,不考虑价格因素的话,是首选。尤其新新材料PPSU,比PP更易洗、耐用,几近于玻璃,但是PPSU奶瓶价格比较贵,同时可供选择的品牌也较少。 玻璃奶瓶除了容 [详细]2016-05-26 标签:玻璃奶瓶怎么煮	0
奶瓶什么材质的最好		玻璃奶瓶使用寿命最长,市面的容玻璃储奶瓶的容量通常为120ml、150ml、220ml、 240ml等几种,妈妈们购买时根据自己的实际情况选择购买。玻璃奶瓶除了强度不够,易碎之外,其他品质都优于塑料奶瓶。	0
奶瓶什么材质的最好		市场上的奶瓶从制作材料上分主要有四种——不锈钢,陶瓷,PC和玻璃的。PC,全称聚碳酸酯(含BPA),它的特点是质轻、不易碎,适合外出及较大宝宝自己拿用。但经受反复消毒后“耐力”就不如陶瓷奶瓶和玻璃制的了。玻璃和陶瓷奶瓶更适合在家里由妈妈拿着喂宝宝。不锈钢不易破碎的特性,更适合1-3岁宝宝自己持握。塑料中,PPSU,PES,PC,质轻强度高,不易破碎,高度透明,性能都不错,不考虑价格因素的话,只考虑安全耐用,尤其新新材料PPSU最安全,比PC更易洗、耐用,几近于陶瓷奶瓶和玻璃奶瓶。	0
奶瓶什么材质的最好		现在，我们从各个方面来对比下这几种材质之间的差别吧。耐热性(抗变形程度)玻璃＞塑料(PPSU>PES > PC＞PP)　　越耐热越不容易变形，而变形，会导致奶瓶的容量或者刻度不准确。刻度的抗磨损度玻璃＞塑料(PPSU>PES＞PC＞PP)刻度磨损，不好掌握哺乳量易洗度玻璃≈PPSU>PES＞塑料( PC＞PP)内壁光滑，则容易奶瓶清洗。强度塑料＞玻璃比重玻璃＞塑料　　比重大，不容易携带透明度玻璃＝PC＞PES>PPSU>＞PP越透明，越容易肉眼看清清洁情况综合上诉来看，宝宝早期的时候，玻璃奶瓶是性价比是最高的呢，容易清洗，耐温高，透明度及强度大都是他前期的优点。但是他的比重，及易碎性在后面却慢慢改变了这个优势，为了慢慢练习宝宝自己的独立性，我们开始让宝宝自己学着抓握奶瓶，这个时候，塑料奶瓶反而是首选了，那么经过上面的对比，我们在后期该用哪种塑料材质的奶瓶呢？	0
