微信分享链接打开app		iOS里,把一个页面链接分享给微信好友(会话),好友在微信里打开这个链接,也就是打开了一个网页,点击网页里的某个地方后(比如网页中“打开xx应用程序”的按钮),代码里怎么设置可以跳回到第三方app?知乎的ios客户端就有这种功能,在微信里分享链接后,点开链接,再点网页中的某处,就可以打开知乎客户端显示全部微信中不能用自定义url的方式,微信提供了打开第三方应用的接口:launch3rdApp谢。一般用自带浏览器可以调用起app没问题。微信里面能调出app的,是和腾讯有合作的应用,其他会被过滤掉。有一个公司的产品,叫 魔窗,免费可以接入的		随便找个能够分享外链的网站，不要网盘什么的，最好找免费的主机或者免费空间，能拿到绝对路径就ok，出来像这样：http://23,44,23,21/upload/my.apk；http://www.liantu.com/举个例子，在联图网上直接复制你的URL，点击生成就ok了，这样用户一扫就能自动打开apk下载链接下载安装了 # 使用应用商店，私有协议 很多app都支持私有协议，私有协议以【appName】:// 开头。安卓应用商店也有私有协议，一般是market://，把你的应用上传到商店，然后由商店提供二维码，或者拿到私有协议的这个URL，参考上面的2步骤生成二维码都可以。 望采纳。	0
微信分享链接打开app		iOS里,把一个页面链接分享给微信好友(会话),好友在微信里打开这个链接,也就是打开了一个网页,点击网页里的某个地方后(比如网页中“打开xx应用程序”的按钮),代码里怎么设置可以跳回到第三方app?知乎的ios客户端就有这种功能,在微信里分享链接后,点开链接,再点网页中的某处,就可以打开知乎客户端显示全部微信中不能用自定义url的方式,微信提供了打开第三方应用的接口:launch3rdApp谢。一般用自带浏览器可以调用起app没问题。微信里面能调出app的,是和腾讯有合作的应用,其他会被过滤掉。有一个公司的产品,叫 魔窗,免费可以接入的		大小:107 MB版本:2.9.0.108 官方版环境:WinXP, Win7, WinAll通过这几个简单的操作步骤就可以解决在微信中出现的“请在微信客户端打开链接”的提示了,完成了设置之后重新单击链接并选择浏览器之后就可以顺利的打开了。若是你遇到了这个故障还没有解决,不妨试一试喔!希望这个教程能够帮助到大家。	0
微信分享链接打开app		iOS里,把一个页面链接分享给微信好友(会话),好友在微信里打开这个链接,也就是打开了一个网页,点击网页里的某个地方后(比如网页中“打开xx应用程序”的按钮),代码里怎么设置可以跳回到第三方app?知乎的ios客户端就有这种功能,在微信里分享链接后,点开链接,再点网页中的某处,就可以打开知乎客户端显示全部微信中不能用自定义url的方式,微信提供了打开第三方应用的接口:launch3rdApp谢。一般用自带浏览器可以调用起app没问题。微信里面能调出app的,是和腾讯有合作的应用,其他会被过滤掉。有一个公司的产品,叫 魔窗,免费可以接入的		首先我们需要先上百度，搜索找到带有微信多开APP的网站。打开safari浏览器，输入网址，然后点击下载。（最好使用wifi下载，APP会消耗大概100Mb流量）下载安装好了以后，我们还需要对软件进行开发者认证。此方式适用与ios10-11-12等系统，其他的方式也类是。在手机上找到【设置】-进去后找到【通用】-然后在找到【描述文件与设备管理】在【描述文件与设备管理】里面找到对应的开发者证书，点击证书-选择【信任】然后就可以返回到桌面。点击APP就可以正常打开。输入验证数字，登录帐号。就可以正常使用。注意：此方法仅仅适用于ios10以上的系统，太老的机型跟系统都不支持。	0
微信分享链接打开app		iOS里,把一个页面链接分享给微信好友(会话),好友在微信里打开这个链接,也就是打开了一个网页,点击网页里的某个地方后(比如网页中“打开xx应用程序”的按钮),代码里怎么设置可以跳回到第三方app?知乎的ios客户端就有这种功能,在微信里分享链接后,点开链接,再点网页中的某处,就可以打开知乎客户端显示全部微信中不能用自定义url的方式,微信提供了打开第三方应用的接口:launch3rdApp谢。一般用自带浏览器可以调用起app没问题。微信里面能调出app的,是和腾讯有合作的应用,其他会被过滤掉。有一个公司的产品,叫 魔窗,免费可以接入的		1:微信开发平台认证,我要下载的链接,放在认证里面(不过不是单独的下载链接,你必须上传你的app到应用商城里面的下载地址);费钱的,就不要考虑了; 2:第二种方案:点击app下载之后,给你一个操作的图层,在手机自己的浏览器打开,这个操作多了一步,我感觉会影响用户体验的。对于这个用户体验我,我会稍后详解;(这个链接里面的这个效果)http://ju.outofmemory.cn/entry/117648 3:我自己的app在应用宝里面发布,之后就可以把这个下载的app链接,放在你的微官网里面,当你点击下载的时候,他会直接在你微信里面打开。这个界面就是应用宝的界面点击下载(可以检测你的手机是否安装这个应用,安装的话,直接跳到app);	0
微信分享链接打开app		百度经验:jingyan.baidu.com我们都知道手游、APP想在微信分享时,下载的链接会被微信屏蔽,不能直接点击,那怎样才能得到微信认可的下载页面呢,这里就需要用到腾讯的开放平台,而你的应用也需要提交到这个平台。在这里可以得到微信认可的链接地址。接下来介绍相关方法。百度经验:jingyan.baidu.com百度经验:jingyan.baidu.com1 首先打开腾讯开放平台,注册开放平台的一个账号,如下图所示。 步骤阅读 2 登录后在”管理中心“中创建应用,如下图所示点击红线框选按钮。 步骤阅读 3 选择创建应用的类型如下图所示,然后按钮提示填写应用的相关信息,提交进入审核。 步骤阅读 步骤阅读 4 应用审核通过后会在管理中心中显示”已上线“,然后点击应用的图标。 步骤阅读 5 在应用详情中找到运营服务中的”微下载“,点击进入详情页面。 步骤阅读 6 在详情页面中就可以看到系统生成的推广链接地址了,复制此地址就可以微信中转发了。 步骤阅读 END		随便找个能够分享外链的网站，不要网盘什么的，最好找免费的主机或者免费空间，能拿到绝对路径就ok，出来像这样：http://23,44,23,21/upload/my.apk；http://www.liantu.com/举个例子，在联图网上直接复制你的URL，点击生成就ok了，这样用户一扫就能自动打开apk下载链接下载安装了 # 使用应用商店，私有协议 很多app都支持私有协议，私有协议以【appName】:// 开头。安卓应用商店也有私有协议，一般是market://，把你的应用上传到商店，然后由商店提供二维码，或者拿到私有协议的这个URL，参考上面的2步骤生成二维码都可以。 望采纳。	0
微信分享链接打开app		百度经验:jingyan.baidu.com我们都知道手游、APP想在微信分享时,下载的链接会被微信屏蔽,不能直接点击,那怎样才能得到微信认可的下载页面呢,这里就需要用到腾讯的开放平台,而你的应用也需要提交到这个平台。在这里可以得到微信认可的链接地址。接下来介绍相关方法。百度经验:jingyan.baidu.com百度经验:jingyan.baidu.com1 首先打开腾讯开放平台,注册开放平台的一个账号,如下图所示。 步骤阅读 2 登录后在”管理中心“中创建应用,如下图所示点击红线框选按钮。 步骤阅读 3 选择创建应用的类型如下图所示,然后按钮提示填写应用的相关信息,提交进入审核。 步骤阅读 步骤阅读 4 应用审核通过后会在管理中心中显示”已上线“,然后点击应用的图标。 步骤阅读 5 在应用详情中找到运营服务中的”微下载“,点击进入详情页面。 步骤阅读 6 在详情页面中就可以看到系统生成的推广链接地址了,复制此地址就可以微信中转发了。 步骤阅读 END		首先我们需要先上百度，搜索找到带有微信多开APP的网站。打开safari浏览器，输入网址，然后点击下载。（最好使用wifi下载，APP会消耗大概100Mb流量）下载安装好了以后，我们还需要对软件进行开发者认证。此方式适用与ios10-11-12等系统，其他的方式也类是。在手机上找到【设置】-进去后找到【通用】-然后在找到【描述文件与设备管理】在【描述文件与设备管理】里面找到对应的开发者证书，点击证书-选择【信任】然后就可以返回到桌面。点击APP就可以正常打开。输入验证数字，登录帐号。就可以正常使用。注意：此方法仅仅适用于ios10以上的系统，太老的机型跟系统都不支持。	0
微信分享链接打开app		百度经验:jingyan.baidu.com我们都知道手游、APP想在微信分享时,下载的链接会被微信屏蔽,不能直接点击,那怎样才能得到微信认可的下载页面呢,这里就需要用到腾讯的开放平台,而你的应用也需要提交到这个平台。在这里可以得到微信认可的链接地址。接下来介绍相关方法。百度经验:jingyan.baidu.com百度经验:jingyan.baidu.com1 首先打开腾讯开放平台,注册开放平台的一个账号,如下图所示。 步骤阅读 2 登录后在”管理中心“中创建应用,如下图所示点击红线框选按钮。 步骤阅读 3 选择创建应用的类型如下图所示,然后按钮提示填写应用的相关信息,提交进入审核。 步骤阅读 步骤阅读 4 应用审核通过后会在管理中心中显示”已上线“,然后点击应用的图标。 步骤阅读 5 在应用详情中找到运营服务中的”微下载“,点击进入详情页面。 步骤阅读 6 在详情页面中就可以看到系统生成的推广链接地址了,复制此地址就可以微信中转发了。 步骤阅读 END		1、服务器和微信的链接 2、图文回复消息 3、创建删除菜单 4、获取用户openid信息 5、代码仅供参考，需要在服务号上配置和获取 token，AppID，AppSecret，access_token以及设置网页OAuth2.0鉴权的网页地址。 6、全程几乎无验证，不可直接使用，建议完善验证安全机制。 VS2013资源大小： 189KB上传时间：2015-05-06上传者： mayingchao最新火爆的微信3D抽奖	0
微信分享链接打开app		百度经验:jingyan.baidu.com我们都知道手游、APP想在微信分享时,下载的链接会被微信屏蔽,不能直接点击,那怎样才能得到微信认可的下载页面呢,这里就需要用到腾讯的开放平台,而你的应用也需要提交到这个平台。在这里可以得到微信认可的链接地址。接下来介绍相关方法。百度经验:jingyan.baidu.com百度经验:jingyan.baidu.com1 首先打开腾讯开放平台,注册开放平台的一个账号,如下图所示。 步骤阅读 2 登录后在”管理中心“中创建应用,如下图所示点击红线框选按钮。 步骤阅读 3 选择创建应用的类型如下图所示,然后按钮提示填写应用的相关信息,提交进入审核。 步骤阅读 步骤阅读 4 应用审核通过后会在管理中心中显示”已上线“,然后点击应用的图标。 步骤阅读 5 在应用详情中找到运营服务中的”微下载“,点击进入详情页面。 步骤阅读 6 在详情页面中就可以看到系统生成的推广链接地址了,复制此地址就可以微信中转发了。 步骤阅读 END		进入android系统后,点击上面那个【Search】框打开Android中手机浏览器,在地址栏中输入http://www.doczj.com/doc/cccfd1e5524de518964b7d19.html 点击【免费下载】按钮!左上角会神奇的出现一个下载图标,鼠标按住图标往下一拖拽就会看到下载的内容,也可以到应用程序的【Download】下去找。找到下载的apk文件后单击,按引导操作完成安装!然后打开微信,后面的步骤就不再赘述。因为有了这个玩意儿相信你懂得。PS:1、注意jdk环境配置不要整错了。因为需要jdk的环境支持。2、下载模拟器的时候如果出问题请把设置里面的这个勾给打上。	0
微信分享链接打开app		百度经验:jingyan.baidu.com微信已经成为现代人生活中必不可少的一部分,下面我就教大家如何在微信浏览器中打开本地APP吧!百度经验:jingyan.baidu.com百度经验:jingyan.baidu.com1 将手机微信打开。 步骤阅读 2 打开微信中的链接。 步骤阅读 3 如图我们打开百度经验的链接,用微信浏览器进入网页以后,点击右上方如图符号。 步骤阅读 4 进入选择页面,点击“在浏览器”打开。 步骤阅读 5 如图会出现手机已安装的本地APP浏览器,我们选择一个自己想用的本地浏览器点击下方“仅一次”或“总是”都可以打开打开本地APP浏览器。 步骤阅读 6 此时,我们就已经在微信浏览器中将本地APP浏览器打开了 步骤阅读 END		随便找个能够分享外链的网站，不要网盘什么的，最好找免费的主机或者免费空间，能拿到绝对路径就ok，出来像这样：http://23,44,23,21/upload/my.apk；http://www.liantu.com/举个例子，在联图网上直接复制你的URL，点击生成就ok了，这样用户一扫就能自动打开apk下载链接下载安装了 # 使用应用商店，私有协议 很多app都支持私有协议，私有协议以【appName】:// 开头。安卓应用商店也有私有协议，一般是market://，把你的应用上传到商店，然后由商店提供二维码，或者拿到私有协议的这个URL，参考上面的2步骤生成二维码都可以。 望采纳。	0
微信分享链接打开app		百度经验:jingyan.baidu.com微信已经成为现代人生活中必不可少的一部分,下面我就教大家如何在微信浏览器中打开本地APP吧!百度经验:jingyan.baidu.com百度经验:jingyan.baidu.com1 将手机微信打开。 步骤阅读 2 打开微信中的链接。 步骤阅读 3 如图我们打开百度经验的链接,用微信浏览器进入网页以后,点击右上方如图符号。 步骤阅读 4 进入选择页面,点击“在浏览器”打开。 步骤阅读 5 如图会出现手机已安装的本地APP浏览器,我们选择一个自己想用的本地浏览器点击下方“仅一次”或“总是”都可以打开打开本地APP浏览器。 步骤阅读 6 此时,我们就已经在微信浏览器中将本地APP浏览器打开了 步骤阅读 END		进入android系统后,点击上面那个【Search】框打开Android中手机浏览器,在地址栏中输入http://www.doczj.com/doc/cccfd1e5524de518964b7d19.html 点击【免费下载】按钮!左上角会神奇的出现一个下载图标,鼠标按住图标往下一拖拽就会看到下载的内容,也可以到应用程序的【Download】下去找。找到下载的apk文件后单击,按引导操作完成安装!然后打开微信,后面的步骤就不再赘述。因为有了这个玩意儿相信你懂得。PS:1、注意jdk环境配置不要整错了。因为需要jdk的环境支持。2、下载模拟器的时候如果出问题请把设置里面的这个勾给打上。	0
微信分享链接打开app		百度经验:jingyan.baidu.com微信已经成为现代人生活中必不可少的一部分,下面我就教大家如何在微信浏览器中打开本地APP吧!百度经验:jingyan.baidu.com百度经验:jingyan.baidu.com1 将手机微信打开。 步骤阅读 2 打开微信中的链接。 步骤阅读 3 如图我们打开百度经验的链接,用微信浏览器进入网页以后,点击右上方如图符号。 步骤阅读 4 进入选择页面,点击“在浏览器”打开。 步骤阅读 5 如图会出现手机已安装的本地APP浏览器,我们选择一个自己想用的本地浏览器点击下方“仅一次”或“总是”都可以打开打开本地APP浏览器。 步骤阅读 6 此时,我们就已经在微信浏览器中将本地APP浏览器打开了 步骤阅读 END		遇到这个问题之后，小编又尝使用以往历史版本的手机QQ和微信进行尝试，尝试了多个手机QQ版本均告失败，不过好在最新版的手机QQ已经具备了接受其他账号的功能。而在使用微信V4.5.1版本时成功制作出了可共存版本，可以与未经修改的微信V5.0同时双开，随后安装使用并没有发现问题，两个版本的微信如果登录同一帐号，也能够同时接收到消息。共存版应用实现的原理并不复杂，由于每一个Android应用程序在最终编译时会设置一个应用程序签名，拥有相同应用程序签名的应用在安装就会被替换，所以这个APP编辑器就是将应用安装程序先进行反编译，然后修改应用程序签名，进行再次编译生成不同应用程序签名的版本，就可以进行安装了。	0
微信分享链接打开app		百度经验:jingyan.baidu.com微信已经成为现代人生活中必不可少的一部分,下面我就教大家如何在微信浏览器中打开本地APP吧!百度经验:jingyan.baidu.com百度经验:jingyan.baidu.com1 将手机微信打开。 步骤阅读 2 打开微信中的链接。 步骤阅读 3 如图我们打开百度经验的链接,用微信浏览器进入网页以后,点击右上方如图符号。 步骤阅读 4 进入选择页面,点击“在浏览器”打开。 步骤阅读 5 如图会出现手机已安装的本地APP浏览器,我们选择一个自己想用的本地浏览器点击下方“仅一次”或“总是”都可以打开打开本地APP浏览器。 步骤阅读 6 此时,我们就已经在微信浏览器中将本地APP浏览器打开了 步骤阅读 END		复制链接，粘贴给您的好友复制链接，在微信、QQ等聊天窗口即可将此信息分享给朋友	0
睡觉中猝死的方法		健康咨询描述: 有什么方法可以在睡眠中死亡?比如在睡觉前吃了或喝了什么东西,然后睡着后慢慢的死去,没有痛苦。病情分析: 你好一般是安眠药或者去医院进行安乐死 指导意见: 不过这不是解决的方法这也是不允许的如果心理有问题应该咨询心理医生除了这些还有没有其他的方法,身边可以常用的东西,像醋啊盐啊酱油还有感冒药什么的。就是问问,以后好预防,氨酚伪麻美  参考价格:6.5 查看说明书感冒止咳颗  参考价格:15 查看说明书感冒安片  参考价格:4.9 查看说明书氨酚伪麻美芬片Ⅱ/氨麻苯美片 本品适用于治疗和减轻感冒引起的发热、头痛、周身四...[说明书] 参考价格:￥6.5		那你就来个自我暗示吧:头放松,脚放松,手指头放松,全身放松。我会有一个好觉。明天我会更有精神。你可以没天白天辛苦点,晚上就可以很快睡着了.你还可以买一个电子催缅仪,晚上带着.这样才能很快睡着.这是我的关点.祝你成功你可以没天白天辛苦点,晚上就可以很快睡着了.你还可以买一个电子催缅仪,晚上带着.这样才能很快睡着.这是我的关点. 祝你成功说绵羊,古老的办法,要么就吃药!当你像我这样,每天累得坐在车上都能睡着的时候,就知道什么叫倒头就睡了	0
睡觉中猝死的方法		健康咨询描述: 有什么方法可以在睡眠中死亡?比如在睡觉前吃了或喝了什么东西,然后睡着后慢慢的死去,没有痛苦。病情分析: 你好一般是安眠药或者去医院进行安乐死 指导意见: 不过这不是解决的方法这也是不允许的如果心理有问题应该咨询心理医生除了这些还有没有其他的方法,身边可以常用的东西,像醋啊盐啊酱油还有感冒药什么的。就是问问,以后好预防,氨酚伪麻美  参考价格:6.5 查看说明书感冒止咳颗  参考价格:15 查看说明书感冒安片  参考价格:4.9 查看说明书氨酚伪麻美芬片Ⅱ/氨麻苯美片 本品适用于治疗和减轻感冒引起的发热、头痛、周身四...[说明书] 参考价格:￥6.5		提醒：为了避免自我判断失误，使用前建议徵询专业中医师意见。第2招：通风好 光线足够保持室内空气流通，是避免哈欠连连的基本条件。郭宗祯医师举中国大陆曾进行的一项研究，研究人员测量学生上课环境的二氧化碳含量，结果发现，教室内部的二氧化碳含量比一般场所高出3倍，「不当的通风设备，使得空气交换不良，脑部含氧量降低，当然昏昏欲睡，」郭宗祯说。除了通风好，充足的光线也很重要。当眼睛受到光线照射的刺激，会压抑褪黑激素的分泌，「当褪黑激素的分泌减少，容易保持清醒，相反，如果分泌增加，就会想睡觉，」长庚睡眠中心主任陈泞宏解释所谓的「光治疗法」。	0
睡觉中猝死的方法		健康咨询描述: 有什么方法可以在睡眠中死亡?比如在睡觉前吃了或喝了什么东西,然后睡着后慢慢的死去,没有痛苦。病情分析: 你好一般是安眠药或者去医院进行安乐死 指导意见: 不过这不是解决的方法这也是不允许的如果心理有问题应该咨询心理医生除了这些还有没有其他的方法,身边可以常用的东西,像醋啊盐啊酱油还有感冒药什么的。就是问问,以后好预防,氨酚伪麻美  参考价格:6.5 查看说明书感冒止咳颗  参考价格:15 查看说明书感冒安片  参考价格:4.9 查看说明书氨酚伪麻美芬片Ⅱ/氨麻苯美片 本品适用于治疗和减轻感冒引起的发热、头痛、周身四...[说明书] 参考价格:￥6.5		┓┏┓┏┓┃┛┗┛┗┛┃┓┏┓┏┓┃┛┗┛┗┛┃┓┏┓┏┓┃楼主真的要死啦┛┗┛┗┛┃＼ ／┓┏┓┏┓┃ 　/┛┗┛┗┛┃ノ)┓┏┓┏┓┃┛┗┛┗┛┃┓┏┓┏┓┃┛┗┛┗┛┃┓┏┓┏┓┃┛┗┛┗┛┃┓┏┓┏┓┃┃┃┃┃┃┃┓┏┓┏┓ I楼主无奈了┛┗┛┗┛┃＼ ／┓┏┓┏┓┃ 　/┛┗┛┗┛┃ノ)┓┏┓┏┓┃┛┗┛┗┛┃┓┏┓┏┓┃┛┗┛┗┛┃┓┏┓┏┓┃┛┗┛┗┛┃┓┏┓┏┓┃楼主想睡觉啦┛┗┛┗┛┃＼ ／┓┏┓┏┓┃ 　/┛┗┛┗┛┃ノ)┓┏┓┏┓┃┛┗┛┗┛┃┓┏┓┏┓┃┛┗┛┗┛┃┓┏┓┏┓┃┛┗┛┗┛┃	0
睡觉中猝死的方法		健康咨询描述: 有什么方法可以在睡眠中死亡?比如在睡觉前吃了或喝了什么东西,然后睡着后慢慢的死去,没有痛苦。病情分析: 你好一般是安眠药或者去医院进行安乐死 指导意见: 不过这不是解决的方法这也是不允许的如果心理有问题应该咨询心理医生除了这些还有没有其他的方法,身边可以常用的东西,像醋啊盐啊酱油还有感冒药什么的。就是问问,以后好预防,氨酚伪麻美  参考价格:6.5 查看说明书感冒止咳颗  参考价格:15 查看说明书感冒安片  参考价格:4.9 查看说明书氨酚伪麻美芬片Ⅱ/氨麻苯美片 本品适用于治疗和减轻感冒引起的发热、头痛、周身四...[说明书] 参考价格:￥6.5		陈医生朋友圈，2017年5月28日凌晨2点23分：从27号8点到28号2点，根本停不下来，鬼知道我经历了什么，心态要爆炸了，什么？？还有一台！！！就连沙发都不给睡。再翻看他之前的朋友圈，总是在劳累的上班、值班之中，“一宿没睡”更是家常便饭！所以我们需要学会一些急救自保手段，以防不时之需！超负荷工作、身体不堪重负的不止医生群体比如销售，IT等也都是加班高发职业。猝死是指自然产生的出乎意料的突然死亡。世界卫生组织规定：发病后6小时内死亡看为猝死。各种心脏病都可导致猝死，而心脏病的猝死有一半以上为冠心病所引起。常见的猝死大致有以下几种：	0
睡觉中猝死的方法		健康咨询描述: 有什么方法可以在睡眠中死亡?比如在睡觉前吃了或喝了什么东西,然后睡着后慢慢的死去,没有痛苦。北京军颐中医医院 擅长失眠、抑郁、精神分裂陈建病情分析: 你好一般是安眠药或者去医院进行安乐死指导意见: 不过这不是解决的方法这也是不允许的如果心理有问题应该咨询心理医生除了这些还有没有其他的方法,身边可以常用的东西,像醋啊盐啊酱油还有感冒药什么的。就是问问,以后好预防,北京德胜门中医院 杨魁芬主任 免费咨询杨魁芬 专治失眠抑郁 40多年临床经验 免费咨询专家推荐;放化疗! 失眠,必选人鱼生命藻清除肺部垃圾靠"喝"出来 导读:随着社会的发展,空气质量...		百度经验:jingyan.baidu.com经验内容仅供参考,如果您需解决具体问题(尤其法律、医学等领域),建议您详细咨询相关领域专业人士。个性签名:生前何必久睡死后定会长眠	0
睡觉中猝死的方法		健康咨询描述: 有什么方法可以在睡眠中死亡?比如在睡觉前吃了或喝了什么东西,然后睡着后慢慢的死去,没有痛苦。北京军颐中医医院 擅长失眠、抑郁、精神分裂陈建病情分析: 你好一般是安眠药或者去医院进行安乐死指导意见: 不过这不是解决的方法这也是不允许的如果心理有问题应该咨询心理医生除了这些还有没有其他的方法,身边可以常用的东西,像醋啊盐啊酱油还有感冒药什么的。就是问问,以后好预防,北京德胜门中医院 杨魁芬主任 免费咨询杨魁芬 专治失眠抑郁 40多年临床经验 免费咨询专家推荐;放化疗! 失眠,必选人鱼生命藻清除肺部垃圾靠"喝"出来 导读:随着社会的发展,空气质量...		提醒：为了避免自我判断失误，使用前建议徵询专业中医师意见。第2招：通风好 光线足够保持室内空气流通，是避免哈欠连连的基本条件。郭宗祯医师举中国大陆曾进行的一项研究，研究人员测量学生上课环境的二氧化碳含量，结果发现，教室内部的二氧化碳含量比一般场所高出3倍，「不当的通风设备，使得空气交换不良，脑部含氧量降低，当然昏昏欲睡，」郭宗祯说。除了通风好，充足的光线也很重要。当眼睛受到光线照射的刺激，会压抑褪黑激素的分泌，「当褪黑激素的分泌减少，容易保持清醒，相反，如果分泌增加，就会想睡觉，」长庚睡眠中心主任陈泞宏解释所谓的「光治疗法」。	0
睡觉中猝死的方法		健康咨询描述: 有什么方法可以在睡眠中死亡?比如在睡觉前吃了或喝了什么东西,然后睡着后慢慢的死去,没有痛苦。北京军颐中医医院 擅长失眠、抑郁、精神分裂陈建病情分析: 你好一般是安眠药或者去医院进行安乐死指导意见: 不过这不是解决的方法这也是不允许的如果心理有问题应该咨询心理医生除了这些还有没有其他的方法,身边可以常用的东西,像醋啊盐啊酱油还有感冒药什么的。就是问问,以后好预防,北京德胜门中医院 杨魁芬主任 免费咨询杨魁芬 专治失眠抑郁 40多年临床经验 免费咨询专家推荐;放化疗! 失眠,必选人鱼生命藻清除肺部垃圾靠"喝"出来 导读:随着社会的发展,空气质量...		昏厥是因为大脑暂时缺氧而发生的一种短暂的意识丧失状态。对于晕倒的病人,应立即让其躺平,下肢抬高,让较多的血液集中在重要器官,以改善脑部的血流供应。同时解开病人的领口、腰带,如处于室内,还要打开窗户,使空气流通。如是因低血糖引起的昏厥,喂服糖水、巧克力等高糖食品,通常能使病人迅速恢复。若上述两种方法均未能令病人苏醒,可取用火消毒过的针刺其中穴和十指尖端十宣穴,稍放出一点血,即能奏效。若针刺后仍不能苏醒,要迅速送往医院诊治。在病人情况严重,已停止呼吸和心跳的时候,必须马上进行人工呼吸和心脏按压,等病人苏醒后,再送医院。在送医院途中,要让病人的双脚高于头部,用毛毯等物品裹住身体保暖。有一点须注意,如果病人是因为脑外伤、脑中风而引起休克,则一定要将头部抬高些。	0
睡觉中猝死的方法		健康咨询描述: 有什么方法可以在睡眠中死亡?比如在睡觉前吃了或喝了什么东西,然后睡着后慢慢的死去,没有痛苦。北京军颐中医医院 擅长失眠、抑郁、精神分裂陈建病情分析: 你好一般是安眠药或者去医院进行安乐死指导意见: 不过这不是解决的方法这也是不允许的如果心理有问题应该咨询心理医生除了这些还有没有其他的方法,身边可以常用的东西,像醋啊盐啊酱油还有感冒药什么的。就是问问,以后好预防,北京德胜门中医院 杨魁芬主任 免费咨询杨魁芬 专治失眠抑郁 40多年临床经验 免费咨询专家推荐;放化疗! 失眠,必选人鱼生命藻清除肺部垃圾靠"喝"出来 导读:随着社会的发展,空气质量...		1、不要过度疲劳 工作固然重要,但是活着是前提,很多猝死的例子都是过度劳累所致,保持情绪的稳定和心情舒畅也是非常重要的。 2、坚持锻炼身体 锻炼的时间最好不要在早上,特别是冬季,早晨是心血管疾病发作最多的时间,50%以上的猝死都和心血管疾病有关,锻炼的时间最好在下午5点前后或者晚饭后的2-3小时,不过也不能过度锻炼,适当锻炼就行。 3、定期去医院检查 特别是有心血管疾病史的人,做到预防第一,普通的心电图检查都可以发现潜在的引起猝死的危险信号。 4、饮食方面 多吃植物纤维多的蔬菜和粗粮,增加维生素的摄取量,控制甜食,含盐分多的食物少吃,少吃腌制食物,煎炸的也要少吃,不要吃的特别饱以防肥胖,不适宜快速喝很多冰凉饮料,以免发生冠脉痉挛。	0
板蓝根颗粒的功效与作用		板兰根冲剂编辑 锁定药名:板兰根冲剂。【英文名称】 Ban Lan Gen Chong Ji。【功效与主治】 清热解毒、凉血;用于温热发热、发斑、风热感冒、咽喉肿烂、流行性乙型脑炎、肝炎、 腮腺炎 。药品名称 板兰根冲剂  英文名称 Ban Lan Gen Chong Ji剂型 冲剂 产品类目 中成药1 基本信息 2 板兰根药理作用药名:板兰根冲剂。【包装】 袋。【用途】 发热、 风热感冒、 咽炎、 乙型脑炎。【药物成份】 北板兰根。【功效与主治】 清热解毒、凉血;用于温热发热、发斑、风热感冒、咽喉肿烂、流行性乙型脑炎、肝炎、 腮腺炎 。		清热解毒,活血凉血,消炎止痛,用于上呼吸道感染,急、慢性咽喉炎,急性扁桃体炎,疮毒等症。用法用量口服,一次2～3粒,一日3次。外用,内容物研匀,用冷开水调匀涂患处。不良反应尚不明确。注意事项禁忌尚不明确。上市许可持有人广东众生药业股份有限公司包装单位盒主要成分蒲公英、紫花地丁、黄芩、岗梅、赤芍、天花粉、玄参、当归、防风、柴胡、皂角刺、人工牛黄、白芷、胆南星、虎杖、夏枯草、板蓝根。本品为胶囊剂,内容物为棕褐色的颗粒,味苦、微辛。适用人群不限孕妇/哺乳期用药尚不明确。儿童用药尚不明确。老年患者用药尚不明确。贮藏密封。	0
板蓝根颗粒的功效与作用		板兰根冲剂编辑 锁定药名:板兰根冲剂。【英文名称】 Ban Lan Gen Chong Ji。【功效与主治】 清热解毒、凉血;用于温热发热、发斑、风热感冒、咽喉肿烂、流行性乙型脑炎、肝炎、 腮腺炎 。药品名称 板兰根冲剂  英文名称 Ban Lan Gen Chong Ji剂型 冲剂 产品类目 中成药1 基本信息 2 板兰根药理作用药名:板兰根冲剂。【包装】 袋。【用途】 发热、 风热感冒、 咽炎、 乙型脑炎。【药物成份】 北板兰根。【功效与主治】 清热解毒、凉血;用于温热发热、发斑、风热感冒、咽喉肿烂、流行性乙型脑炎、肝炎、 腮腺炎 。		清热消炎,通窍。用于治疗慢性鼻炎引起的喷嚏、流涕、鼻塞、头痛,过敏性鼻炎,慢性鼻窦炎。用法用量口服,一次4-5片,一日3次。不良反应尚不明确。注意事项胃溃疡患者宜饭后服用。用药期间不宜驾驶车辆、管理机器及高空作业等。请仔细阅读说明书并遵医嘱使用。禁忌尚不明确。上市许可持有人广东省惠州市中药厂有限公司包装单位盒主要成分苍耳子、野菊花、鹅不食草、白芷、防风、墨旱莲、白芍、胆南星、蒺藜、甘草、扑尔敏。性状本品为糖衣片,除去糖衣后显灰褐色;味微苦。适用人群不限孕妇/哺乳期用药无相关资料。儿童用药无相关资料。老年患者用药无相关资料。贮藏密封。	0
板蓝根颗粒的功效与作用		板兰根冲剂编辑 锁定药名:板兰根冲剂。【英文名称】 Ban Lan Gen Chong Ji。【功效与主治】 清热解毒、凉血;用于温热发热、发斑、风热感冒、咽喉肿烂、流行性乙型脑炎、肝炎、 腮腺炎 。药品名称 板兰根冲剂  英文名称 Ban Lan Gen Chong Ji剂型 冲剂 产品类目 中成药1 基本信息 2 板兰根药理作用药名:板兰根冲剂。【包装】 袋。【用途】 发热、 风热感冒、 咽炎、 乙型脑炎。【药物成份】 北板兰根。【功效与主治】 清热解毒、凉血;用于温热发热、发斑、风热感冒、咽喉肿烂、流行性乙型脑炎、肝炎、 腮腺炎 。		功能:健脾化痰、温肾纳气、止咳平喘。主治:急慢性支气管炎。症见咳嗽咯痰艰辛,痰白或黄浊,胸闷息短,纳食欠香,大便粘滞不爽或干结,小便黄热,脉濡滑,苔薄黄腻。用法:每日一剂,水煎二次,分次饭后饮。方解:咳喘之证,病位在肺,肺主气,司呼吸,为贮痰之器,病变涉及脾、肾、大肠。脾为生痰之源,肾主纳气,肺与大肠相表里,故其治,苏子、葶苈子、杏仁降气泻肺止咳平喘;莱菔子、白术、甘草健脾消痰以调脾运;补骨脂、五味子温补肾元敛肺纳气;车前子化痰利尿,使痰浊饮邪从膀胱渗泄;苏子、莱菔子、杏仁质润多脂润肠通便,腑气通,肺气亦降矣。	0
板蓝根颗粒的功效与作用		板兰根冲剂编辑 锁定药名:板兰根冲剂。【英文名称】 Ban Lan Gen Chong Ji。【功效与主治】 清热解毒、凉血;用于温热发热、发斑、风热感冒、咽喉肿烂、流行性乙型脑炎、肝炎、 腮腺炎 。药品名称 板兰根冲剂  英文名称 Ban Lan Gen Chong Ji剂型 冲剂 产品类目 中成药1 基本信息 2 板兰根药理作用药名:板兰根冲剂。【包装】 袋。【用途】 发热、 风热感冒、 咽炎、 乙型脑炎。【药物成份】 北板兰根。【功效与主治】 清热解毒、凉血;用于温热发热、发斑、风热感冒、咽喉肿烂、流行性乙型脑炎、肝炎、 腮腺炎 。		病情分析:板蓝根颗粒是中成药,是患者可根据症状自行判断、购买和使用的乙类OTC药品。适应症是清热解毒,凉血利咽。用于肺胃热盛所致的咽喉肿痛、口咽干燥;急性扁桃体炎见上述证候者。。建议根据感冒症状给以对症处理,根据辩证可以用清热解毒或辛温解表中药治疗,改善症状,缩短病程。北京大学人民医院 全科病情分析:板蓝根是中药材,它可以和其他药物相配伍,组成中草药的汤剂,也可以做成颗粒剂,还可以做成其他的中成药,进行对症治疗。在临床中,板蓝根的作用主要体现在可以抗病毒、抗细菌、解毒、提高人体的免疫力,甚至可以用来治疗一些急性的传染病,例如肝炎、大头瘟、麻疹等等,都可以用板蓝根进行治疗。	0
板蓝根颗粒的功效与作用		养生导读:板蓝根是一种中成药,家中常备的防治感冒的就有板蓝根冲剂。其实板蓝根的用途不仅是治疗感冒,板蓝根的功效与作用多,对多种细菌性、病毒性疾病都有较好的预防与治疗作用。但要注意了,板蓝根也有副作用,不是所有人都能吃板蓝根的!板蓝根是大家非常熟悉的一种中成药。板蓝根是十字花科植物菘蓝和草大青的根,性味苦寒,归心、肺经,具有清热解毒,凉血利咽的功效。自古以来传统医学用之治疗温毒发斑、喉痹、大头瘟、丹毒、痈肿等的热毒证。对于流感、病毒感染引起的急性扁桃体炎、咽炎、流行性腮腺炎等疾病,服用板蓝根冲剂可起到预防和治疗作用。成人服用剂量可以每次1～2袋,每日3次。幼儿园和学校易出现流感、腮腺炎、水痘、流脑、手足口病等疾病的传播和流行,若服用板蓝根冲剂可起到良好预防作用。儿童用量为半袋至1袋,每日3次。		批准文号：国药准字Z36020153国药准字Z36020157国药准字Z20023100批准日期：2015-07-31剂型：颗粒剂规格：每袋装10克(相当于饮片14g)储存：密封,防潮。有效期：24个月手机查找附近药店随时挂号 求助病友立即下载转手机网页用手机药品通扫描条码快速找药！咽痛咳嗽上呼吸道感染急性咽炎咽炎慢性咽炎成分瓜子金、大青叶、野菊花、海金沙、白花蛇舌草、紫花地丁、。功能主治清热利咽，散结止痛，祛痰止咳。用于风热袭肺或痰热壅肺所致的咽部红肿、咽痛、发热、咳嗽；急性咽炎、慢性咽炎急性发作及上呼吸道感染见上述证候者。	0
板蓝根颗粒的功效与作用		养生导读:板蓝根是一种中成药,家中常备的防治感冒的就有板蓝根冲剂。其实板蓝根的用途不仅是治疗感冒,板蓝根的功效与作用多,对多种细菌性、病毒性疾病都有较好的预防与治疗作用。但要注意了,板蓝根也有副作用,不是所有人都能吃板蓝根的!板蓝根是大家非常熟悉的一种中成药。板蓝根是十字花科植物菘蓝和草大青的根,性味苦寒,归心、肺经,具有清热解毒,凉血利咽的功效。自古以来传统医学用之治疗温毒发斑、喉痹、大头瘟、丹毒、痈肿等的热毒证。对于流感、病毒感染引起的急性扁桃体炎、咽炎、流行性腮腺炎等疾病,服用板蓝根冲剂可起到预防和治疗作用。成人服用剂量可以每次1～2袋,每日3次。幼儿园和学校易出现流感、腮腺炎、水痘、流脑、手足口病等疾病的传播和流行,若服用板蓝根冲剂可起到良好预防作用。儿童用量为半袋至1袋,每日3次。		本品为暗棕色至褐色的圆柱形的锭;有丁香、冰片香气。适应症/功能主治解毒,消炎。用于痈疽疮毒,虫咬损伤,无名肿毒。批准文号国药准字Z44020864药物相互作用如与其他药物同时使用可能会发生药物相互作用,详情请咨询医师或药师。贮藏密闭,置阴凉干燥处。包装药用塑料瓶包装。每瓶装18锭。生产企业广州白云山敬修堂药业股份有限公司	0
板蓝根颗粒的功效与作用		养生导读:板蓝根是一种中成药,家中常备的防治感冒的就有板蓝根冲剂。其实板蓝根的用途不仅是治疗感冒,板蓝根的功效与作用多,对多种细菌性、病毒性疾病都有较好的预防与治疗作用。但要注意了,板蓝根也有副作用,不是所有人都能吃板蓝根的!板蓝根是大家非常熟悉的一种中成药。板蓝根是十字花科植物菘蓝和草大青的根,性味苦寒,归心、肺经,具有清热解毒,凉血利咽的功效。自古以来传统医学用之治疗温毒发斑、喉痹、大头瘟、丹毒、痈肿等的热毒证。对于流感、病毒感染引起的急性扁桃体炎、咽炎、流行性腮腺炎等疾病,服用板蓝根冲剂可起到预防和治疗作用。成人服用剂量可以每次1～2袋,每日3次。幼儿园和学校易出现流感、腮腺炎、水痘、流脑、手足口病等疾病的传播和流行,若服用板蓝根冲剂可起到良好预防作用。儿童用量为半袋至1袋,每日3次。		(1)增强血管张力,降低血管脆性及改善血管通透性; (2)降低血脂及胆固醇; (3)减少红血球、血小板聚集,减少血栓形成,改善微循环; (4)护肝,解肝毒,治疗急、慢性肝炎,肝硬化及多种中毒性肝损伤; (5)提高机体免疫能力; (6)消炎,祛痰,解热,消肿; (7)抗菌,抗病毒,抗真菌,抑制肿瘤; (8)抗氧化,抗衰老; (9)解痉; (10)抗过敏; (11)抑制特定酶的活性; (12)强化细胞膜,活化细胞。	0
板蓝根颗粒的功效与作用		养生导读:板蓝根是一种中成药,家中常备的防治感冒的就有板蓝根冲剂。其实板蓝根的用途不仅是治疗感冒,板蓝根的功效与作用多,对多种细菌性、病毒性疾病都有较好的预防与治疗作用。但要注意了,板蓝根也有副作用,不是所有人都能吃板蓝根的!板蓝根是大家非常熟悉的一种中成药。板蓝根是十字花科植物菘蓝和草大青的根,性味苦寒,归心、肺经,具有清热解毒,凉血利咽的功效。自古以来传统医学用之治疗温毒发斑、喉痹、大头瘟、丹毒、痈肿等的热毒证。对于流感、病毒感染引起的急性扁桃体炎、咽炎、流行性腮腺炎等疾病,服用板蓝根冲剂可起到预防和治疗作用。成人服用剂量可以每次1～2袋,每日3次。幼儿园和学校易出现流感、腮腺炎、水痘、流脑、手足口病等疾病的传播和流行,若服用板蓝根冲剂可起到良好预防作用。儿童用量为半袋至1袋,每日3次。		7 服用方法【英文名称】Common Sage Herb。化学成分:含原儿茶酸(protocatechuic acid)、4-羟基苯乳酸、高车前甙(homoplantaginin)、尼泊黄酮甙(nepetrin)、楔叶泽兰素(eupafolin)、粗毛豚草素(hispidulin)。清热,解毒,凉血,利尿。用于咽喉肿痛、支气管炎、肾炎水肿、痈肿;外治乳腺炎、痔疮肿痛、出血。经验证:2.对咽喉肿痛、慢性支气管炎有明显效果。夏、秋季花开、穗绿时采收洗净晒干或鲜用。平时可随时挖掘洗净晒干或鲜用。还可移栽到家里房前屋后都可以种以备不时之需.还可收籽再种。播种期在秋天。	0
oracle 时间格式		DATE格式转换:一、在使用Oracle的to_date函数来做日期转换时,很多Java程序员也许会直接的采用“yyyy-MM-dd HH:mm:ss”的格式作为格式进行转换,但是在Oracle中会引起错误:“ORA 01810 格式代码出现两次”。 如:select to_date( '2005-01-01 13:14:20 ', 'yyyy-MM-dd HH24:mm:ss ') from dual; 原因是:SQL中不区分大小写,MM和mm被认为是相同的格式代码,所以Oracle的SQL采用了mi代替分钟。 select to_date( '2005-01-01 13:14:20 ', 'yyyy-MM-dd HH24:mi:ss ') from dual; 二、另要以24小时的形式显示出来要用HH24 假设当前时间为:2013-11-25 18:45:32select to_char(sysdate, 'yyyy-MM-dd HH24:mi:ss ') from dual;//mi是分钟 2013-11-25 18:45:32select to_char(sysdate, 'yyyy-MM-dd HH24:mm:ss ') from dual;//mm会显示月份 2013-11-25 18:11:321.日期格式参数及其含义说明 D 一周中的星期几 DAY 天的名字,使用空格填充到9个字符 DD 月中的第几天 DDD 年中的第几天 DY 天的简写名 IW ISO标准的年中的第几周 IYYY ISO标准的四位年份 YYYY 四位年份		1、DATE:一个7字节的定宽日期/时间数据类型。其中总包含7个属性,包括:世纪、世纪中哪一年、月份、月中的哪一天、小时、分钟和秒。 2、TIMESTAMP:一个7 字节或12.字节的定宽日期/时间数据类型。它与DATE 数据类型不同,因为TIMESTAMP 可以包含小数秒(fractional second);带小数秒的TIMESTAMP 在小数点右边最多可以保留9位。 3、TIMESTAMP WITH TIME ZONE:存储带时区信息的TIMESTAMP(以和UTC时间差或者地区信息的形式保存)。 4、TIMESTAMP WITH LOCAL TIME ZONE:另一种不同类型的TIMESTAMP,和TIMESTAMP WITH TIME ZONE类型的区别在于:数据库不保存时区相关信息,而是把客户端输入的时间转换为基于database timezone的时间后存入数据库。当用户请求此类型信息时,Oracle把数据转换为用户session的时区时间返回给用户。所以Oracle建议把database timezone设置为标准时间UTC,这样可以节省每次转换所需要的开销,提高性能。	0
oracle 时间格式		DATE格式转换:一、在使用Oracle的to_date函数来做日期转换时,很多Java程序员也许会直接的采用“yyyy-MM-dd HH:mm:ss”的格式作为格式进行转换,但是在Oracle中会引起错误:“ORA 01810 格式代码出现两次”。 如:select to_date( '2005-01-01 13:14:20 ', 'yyyy-MM-dd HH24:mm:ss ') from dual; 原因是:SQL中不区分大小写,MM和mm被认为是相同的格式代码,所以Oracle的SQL采用了mi代替分钟。 select to_date( '2005-01-01 13:14:20 ', 'yyyy-MM-dd HH24:mi:ss ') from dual; 二、另要以24小时的形式显示出来要用HH24 假设当前时间为:2013-11-25 18:45:32select to_char(sysdate, 'yyyy-MM-dd HH24:mi:ss ') from dual;//mi是分钟 2013-11-25 18:45:32select to_char(sysdate, 'yyyy-MM-dd HH24:mm:ss ') from dual;//mm会显示月份 2013-11-25 18:11:321.日期格式参数及其含义说明 D 一周中的星期几 DAY 天的名字,使用空格填充到9个字符 DD 月中的第几天 DDD 年中的第几天 DY 天的简写名 IW ISO标准的年中的第几周 IYYY ISO标准的四位年份 YYYY 四位年份		一、TIMESTAMP[(M)] 时间戳。范围是’1970-01-01 00:00:00’到2037年。 TIMESTAMP列用于INSERT或UPDATE操作时记录日期和时间。 如果你不分配一个值,表中的第一个TIMESTAMP列自动设置为最近操作的日期和时间。 也可以通过分配一个NULL值,将TIMESTAMP列设置为当前的日期和时间。 TIMESTAMP值返回后显示为’YYYY-MM-DD HH:MM:SS’格式的字符串, 显示宽度固定为19个字符。如果想要获得数字值,应在TIMESTAMP 列添加+0。 create table demo( addtime timestamp ); insert into demo values(null); 即可插入当前时间。二、TIME 时间。范围是’-838:59:59’到’838:59:59’。 MySQL以’HH:MM:SS’格式显示TIME值,但允许使用字符串或数字为TIME列分配值。一、TIMESTAMP[(M)] 时间戳。范围是’1970-01-01 00:00:00’到2037年。 TIMESTAMP列用于INSERT或UPDATE操作时记录日期和时间。 如果你不分配一个值,表中的第一个TIMESTAMP列自动设置为最近操作的日期和时间。 也可以通过分配一个NULL值,将TIMESTAMP列设置为当前的日期和时间。 TIMESTAMP值返回后显示为’YYYY-MM-DD HH:MM:SS’格式的字符串, 显示宽度固定为19个字符。如果想要获得数字值,应在TIMESTAMP 列添加+0。 create table demo( addtime timestamp ); insert into demo values(null); 即可插入当前时间。二、TIME 时间。范围是’-838:59:59’到’838:59:59’。 MySQL以’HH:MM:SS’格式显示TIME值,但允许使用字符串或数字为TIME列分配值。使用now()显示’HH:MM:SS’使用UNIX_TIMESTAMP()显示’-838:59:59’到’838:59:59’。mysql> insert into pluralpoem(title, create_time) values("chunxiao", UNIX_TIMESTAMP()); Query OK, 1 row affected, 1 warning (0.01 sec)mysql> insert into pluralpoem(title, create_time) values("chunxiao", UNIX_TIMESTAMP()); Query OK, 1 row affected, 1 warning (0.01 sec) mysql> insert into pluralpoem(title, create_time) values("hua",now()); Query OK, 1 row affected (0.00 sec) mysql> insert into pluralpoem(title, create_time) values("hua",now()); Query OK, 1 row affected (0.00 sec) mysql> select * from pluralpoem; +----+------------+-------------+ | id | title | create_time | +----+------------+-------------+ | 1 | denggaowan | NULL | | 2 | chunxiao | 838:59:59 | | 3 | hua | 22:45:33 | +----+------------+-------------+ 3 rows in set (0.00 sec) mysql> select * from pluralpoem; +----+------------+-------------+ | id | title | create_time | +----+------------+-------------+ | 1 | denggaowan | NULL | | 2 | chunxiao | 838:59:59 | | 3 | hua | 22:45:33 | +----+------------+-------------+ 3 rows in set (0.00 sec) 三、DATETIME 日期和时间的组合。 支持的范围是’1000-01-01 00:00:00’到’9999-12-31 23:59:59’。 MySQL以’YYYY-MM-DD HH:MM:SS’格式显示DATETIME值,但允许使用字符串或数字为DATETIME列分配值。 三、DATETIME 日期和时间的组合。 支持的范围是’1000-01-01 00:00:00’到’9999-12-31 23:59:59’。 MySQL以’YYYY-MM-DD HH:MM:SS’格式显示DATETIME值,但允许使用字符串或数字为DATETIME列分配值。四、对于now().,curdate(),curtime(), UNIX_TIMESTAMP()NOW()函数以`'YYYY-MM-DD HH:MM:SS'返回当前的日期时间,可以直接存到DATETIME字段中。 CURDATE()以’YYYY-MM-DD’的格式返回今天的日期,可以直接存到DATE字段中。 CURTIME()以’HH:MM:SS’的格式返回当前的时间,可以直接存到TIME字段中。NOW()函数以`'YYYY-MM-DD HH:MM:SS'返回当前的日期时间,可以直接存到DATETIME字段中。 CURDATE()以’YYYY-MM-DD’的格式返回今天的日期,可以直接存到DATE字段中。 CURTIME()以’HH:MM:SS’的格式返回当前的时间,可以直接存到TIME字段中。UNIX_TIMESTAMP()	0
oracle 时间格式		DATE格式转换:一、在使用Oracle的to_date函数来做日期转换时,很多Java程序员也许会直接的采用“yyyy-MM-dd HH:mm:ss”的格式作为格式进行转换,但是在Oracle中会引起错误:“ORA 01810 格式代码出现两次”。 如:select to_date( '2005-01-01 13:14:20 ', 'yyyy-MM-dd HH24:mm:ss ') from dual; 原因是:SQL中不区分大小写,MM和mm被认为是相同的格式代码,所以Oracle的SQL采用了mi代替分钟。 select to_date( '2005-01-01 13:14:20 ', 'yyyy-MM-dd HH24:mi:ss ') from dual; 二、另要以24小时的形式显示出来要用HH24 假设当前时间为:2013-11-25 18:45:32select to_char(sysdate, 'yyyy-MM-dd HH24:mi:ss ') from dual;//mi是分钟 2013-11-25 18:45:32select to_char(sysdate, 'yyyy-MM-dd HH24:mm:ss ') from dual;//mm会显示月份 2013-11-25 18:11:321.日期格式参数及其含义说明 D 一周中的星期几 DAY 天的名字,使用空格填充到9个字符 DD 月中的第几天 DDD 年中的第几天 DY 天的简写名 IW ISO标准的年中的第几周 IYYY ISO标准的四位年份 YYYY 四位年份		public static long currentTimeMillis()返回以毫秒为单位的当前时间。注意,当返回值的时间单位是毫秒时,值的粒度取决于底层操作系统,并且粒度可能更大。例如,许多操作系统以几十毫秒为单位测量时间。  请参阅 Date 类的描述,了解可能发生在“计算机时间”和协调世界时(UTC)之间的细微差异的讨论。  返回:  当前时间与协调世界时 1970 年 1 月 1 日午夜之间的时间差(以毫秒为单位测量)。  另请参见:  Datepublic static void main(String[] args) { //首先我们创建一个大的list,里面的元素都是唯一的: int max = 1000000; List<String> values = new ArrayList<>(max); for (int i = 0; i < max; i++) { UUID uuid = UUID.randomUUID(); values.add(uuid.toString()); } //我们测量一下对这个集合进行排序所使用的时间。  //顺序排序 long t0 = System.nanoTime(); long count = values.stream().sorted().count(); System.out.println(count); long t1 = System.nanoTime(); long millis = TimeUnit.NANOSECONDS.toMillis(t1 - t0); System.out.println(String.format("sequential sort took: %d ms", millis)); //并行排序 long tt0 = System.nanoTime(); long countt = values.parallelStream().sorted().count(); System.out.println(countt); long tt1 = System.nanoTime(); long milliss = TimeUnit.NANOSECONDS.toMillis(tt1 - tt0); System.out.println(String.format("parallel sort took: %d ms", milliss)); }	0
oracle 时间格式		DATE格式转换:一、在使用Oracle的to_date函数来做日期转换时,很多Java程序员也许会直接的采用“yyyy-MM-dd HH:mm:ss”的格式作为格式进行转换,但是在Oracle中会引起错误:“ORA 01810 格式代码出现两次”。 如:select to_date( '2005-01-01 13:14:20 ', 'yyyy-MM-dd HH24:mm:ss ') from dual; 原因是:SQL中不区分大小写,MM和mm被认为是相同的格式代码,所以Oracle的SQL采用了mi代替分钟。 select to_date( '2005-01-01 13:14:20 ', 'yyyy-MM-dd HH24:mi:ss ') from dual; 二、另要以24小时的形式显示出来要用HH24 假设当前时间为:2013-11-25 18:45:32select to_char(sysdate, 'yyyy-MM-dd HH24:mi:ss ') from dual;//mi是分钟 2013-11-25 18:45:32select to_char(sysdate, 'yyyy-MM-dd HH24:mm:ss ') from dual;//mm会显示月份 2013-11-25 18:11:321.日期格式参数及其含义说明 D 一周中的星期几 DAY 天的名字,使用空格填充到9个字符 DD 月中的第几天 DDD 年中的第几天 DY 天的简写名 IW ISO标准的年中的第几周 IYYY ISO标准的四位年份 YYYY 四位年份		5. 暂停任务6. 恢复任务7. 删除任务8. 立即运行任务9. 更新任务(时间表达式)四、时间表达式说明字段 允许值 允许的特殊字符秒0-59 , – * /分0-59 , – * /小时0-23 , – * /日期1-31 , – * ? / L W C月份1-12 或者 JAN-DEC , – * /星期1-7 或者 SUN-SAT , – * ? / L C #年(可选) 留空, 1970-2099 , – * /"0 0 12 * * ?" 每天中午12点触发"0 15 10 ? * *" 每天上午10:15触发	0
回扣怎么做账		楼上的朋友,你怎么重复我的问题.再给点意见呀!:rolleyes:楼上的朋友,你怎么重复我的问题.再给点意见呀!:rolleyes:叫业务员随便找点票代替它,作营业费用----市场开发费入帐算了。叫业务员随便找点票代替它,作营业费用----市场开发费入帐算了。你这可是违法行为,税务局知道你们单位就完蛋了,可要千万注意。你这可是违法行为,税务局知道你们单位就完蛋了,可要千万注意。我该怎么办呀?我该怎么办呀?其实也没什么的,不要叫它回扣吗?叫支付给个人的销售佣金嘛!给个人的不就不用发票嘛!再找几个相关领导签个支付证明嘛!就叫营业费用---销售佣金 佣金的扣除。佣金指纳税人在推销产品或劳务过程中向中介代理人支付的必要的、合理的报酬。佣金符合下列条件的,可计入销售费用。在税前扣除: (一)有合法真实凭证; (二)支付的对象必须是独立的有权从事中介服务的纳税人或个人(不含本企业雇员); (三)支付给个人的佣金,除另有规定者外,不得超过服务金额的5%。		1.如果是销售退回,做: 借:主营业务收入 贷:银行存款/现金等 应交税金--应交增值税(销项税额)(一般纳税企业)(红字) 同时,冲回成本, 借:库存商品 贷:主营业务成本 2.如果是进货退出,做: 借:银行存款/现金等 应交税金--应交增值税(进项税额)(一般纳税企业)(红字) 贷:库存商品 实例分析 客户张三4月底应收帐款为100元;5月4号退货33240元(销售价,其中有350元的退货当时属于赠送给他的,算了成本,末算收入。)主营业务成本20250元,之前根据进货给张三10%的返利,9840元的现金返利。退货后张三退回返利,根据他的以销售额,返给了他3512元的返利。 并且张三之前替另外一个客户李四垫付了6400元的货款,返货后公司也将货款退给了张三(李四的货款末收,做了李四的应收款6400元。)公司共计返给了张三33212元现金。怎么做会计分录? 4月销售时,确认的收入为9840/10%=98400元	0
回扣怎么做账		楼上的朋友,你怎么重复我的问题.再给点意见呀!:rolleyes:楼上的朋友,你怎么重复我的问题.再给点意见呀!:rolleyes:叫业务员随便找点票代替它,作营业费用----市场开发费入帐算了。叫业务员随便找点票代替它,作营业费用----市场开发费入帐算了。你这可是违法行为,税务局知道你们单位就完蛋了,可要千万注意。你这可是违法行为,税务局知道你们单位就完蛋了,可要千万注意。我该怎么办呀?我该怎么办呀?其实也没什么的,不要叫它回扣吗?叫支付给个人的销售佣金嘛!给个人的不就不用发票嘛!再找几个相关领导签个支付证明嘛!就叫营业费用---销售佣金 佣金的扣除。佣金指纳税人在推销产品或劳务过程中向中介代理人支付的必要的、合理的报酬。佣金符合下列条件的,可计入销售费用。在税前扣除: (一)有合法真实凭证; (二)支付的对象必须是独立的有权从事中介服务的纳税人或个人(不含本企业雇员); (三)支付给个人的佣金,除另有规定者外,不得超过服务金额的5%。		属于商业贿赂性质的“回扣”支出,不得在税前扣除;即使在账内支付“回扣”,只要不属于合法、正当的商业行为,不得税前扣除。所以,纳税人不得将回扣混同于手续费和佣金支出。(3)业务提成本单位的员工(例如业务员)根据达成的业务量获得的业务提成属于当事人(包括手续费及佣金的支付对象不含交易双方及其雇员、代理人和代表人等)发生的费用,而手续费及佣金则是支付给其他单位或个人的费用,应注意二者的主体身份不同。(4)返利商业返利,以平价低于进价销售,它包括现金返利和实物返利两种。	0
回扣怎么做账		楼上的朋友,你怎么重复我的问题.再给点意见呀!:rolleyes:楼上的朋友,你怎么重复我的问题.再给点意见呀!:rolleyes:叫业务员随便找点票代替它,作营业费用----市场开发费入帐算了。叫业务员随便找点票代替它,作营业费用----市场开发费入帐算了。你这可是违法行为,税务局知道你们单位就完蛋了,可要千万注意。你这可是违法行为,税务局知道你们单位就完蛋了,可要千万注意。我该怎么办呀?我该怎么办呀?其实也没什么的,不要叫它回扣吗?叫支付给个人的销售佣金嘛!给个人的不就不用发票嘛!再找几个相关领导签个支付证明嘛!就叫营业费用---销售佣金 佣金的扣除。佣金指纳税人在推销产品或劳务过程中向中介代理人支付的必要的、合理的报酬。佣金符合下列条件的,可计入销售费用。在税前扣除: (一)有合法真实凭证; (二)支付的对象必须是独立的有权从事中介服务的纳税人或个人(不含本企业雇员); (三)支付给个人的佣金,除另有规定者外,不得超过服务金额的5%。		(一)销售收入 “产品销售收入”账户核算企业销售产品，包括产成品、自制毕成品、工业性劳务等所发生的收入。企业应当在发出商品、提供劳务，同时收讫价款或者取得索取价款的凭据，确认产品销售收入实现。企业实现的产品销售收入，借记“银行存款”、“应收账款”、“应收票据”、“预收账款”等科目，贷记“产品销售收入”账户。发生销货退回时，不论是属于本年度还是属于以前年度销售的，都应冲减本期的销售收入，借记“产品销售收入”，贷记“银行存款”或“应收账款”等有关科目。期末应将“产品销售收入”余额转入“本年利润”科目，结转后该科目应无余额。	0
回扣怎么做账		楼上的朋友,你怎么重复我的问题.再给点意见呀!:rolleyes:楼上的朋友,你怎么重复我的问题.再给点意见呀!:rolleyes:叫业务员随便找点票代替它,作营业费用----市场开发费入帐算了。叫业务员随便找点票代替它,作营业费用----市场开发费入帐算了。你这可是违法行为,税务局知道你们单位就完蛋了,可要千万注意。你这可是违法行为,税务局知道你们单位就完蛋了,可要千万注意。我该怎么办呀?我该怎么办呀?其实也没什么的,不要叫它回扣吗?叫支付给个人的销售佣金嘛!给个人的不就不用发票嘛!再找几个相关领导签个支付证明嘛!就叫营业费用---销售佣金 佣金的扣除。佣金指纳税人在推销产品或劳务过程中向中介代理人支付的必要的、合理的报酬。佣金符合下列条件的,可计入销售费用。在税前扣除: (一)有合法真实凭证; (二)支付的对象必须是独立的有权从事中介服务的纳税人或个人(不含本企业雇员); (三)支付给个人的佣金,除另有规定者外,不得超过服务金额的5%。		(1)企业购入材料、商品等验收入库,但货款尚未支付,根据有关凭证(发票账单、随货同行发票上记载的实际价款或暂估价值),借记“材料采购”、“在途物资”等科目,按可抵扣的额,借记“应交税费——应交增值税(进项税额)”等科目,按应付的价款,贷记本科目。 (2)接受供应单位提供劳务而发生的应付未付款项,根据供应单位的发票账单,借记“生产成本”、“管理费用”等科目,贷记本科目。支付时,借记本科目,贷记“银行存款”等科目。 (3)采用售后回购方式的,在发出商品等资产时,应按实际收到或应收的金额,借记“银行存款”、“应收账款”等科目,按专用发票上注明的增值税额,贷记“应交税费——应交增值税(销项税额)”科目,按其差额,贷记本科目。回购价格与原销售价格之间的差额,应在售后回购期间内按期计提利息费用,借记“财务费用”科目,贷记本科目。 购回该项商品等时,应按回购商品等的价款,借记本科目,按可抵扣的增值税额,借记“应交税费——应交增值税(进项税额)”科目,按实际支付的金额,贷记“银行存款”科目。 (4)企业与债权人进行债务重组,应当分别债务重组的不同方式进行账务处理 ①以低于应付债务账面价值的现金清偿债务的,应按应付账款的账面余额,借记本科目,按实际支付的金额,贷记“银行存款”科目,按其差额,贷记“营业外收入——债务重组利得”科目。 ②企业以非现金资产清偿债务的,应按应付账款的账面余额,借记本科目,按用于清偿债务的非现金资产的公允价值,贷记“交易性金融资产”、“其他业务收入”、“主营业务收入”、“固定资产清理”、“无形资产”、“长期股权”等科目,按应支付的相费,贷记“应交税费”等科目,按其差额,贷记“营业外收入”等科目或借记“营业外支出”等科目。 ③以债务转为资本,应按应付账款的账面余额,借记本科目,按债权人因放弃债权而享有的股权的公允价值,贷记“实收资本”或“股本”、“资本公积——资本溢价或股本溢价”科目,按其差额,贷记“营业外收入——债务重组利得”科目。 ④以修改其他债务条件进行清偿的,应将重组债务的账面余额与重组后债务的公允价值的差额,借记本科目,贷记“营业外收入——债务重组利得”科目。	0
回扣怎么做账		其实也没什么的,不要叫它回扣吗?叫支付给个人的销售佣金嘛!给个人的不就不用发票嘛!再找几个相关领导签个支付证明嘛!就叫营业费用---销售佣金 佣金的扣除。佣金指纳税人在推销产品或劳务过程中向中介代理人支付的必要的、合理的报酬。佣金符合下列条件的,可计入销售费用。在税前扣除: (一)有合法真实凭证; (二)支付的对象必须是独立的有权从事中介服务的纳税人或个人(不含本企业雇员); (三)支付给个人的佣金,除另有规定者外,不得超过服务金额的5%。怎么样的凭证是合法有效的? 开一张收据,由个人及领导签字,这样可以吗? 谢谢楼上的,ZXG_76		(1)企业购入材料、商品等验收入库,但货款尚未支付,根据有关凭证(发票账单、随货同行发票上记载的实际价款或暂估价值),借记“材料采购”、“在途物资”等科目,按可抵扣的额,借记“应交税费——应交增值税(进项税额)”等科目,按应付的价款,贷记本科目。 (2)接受供应单位提供劳务而发生的应付未付款项,根据供应单位的发票账单,借记“生产成本”、“管理费用”等科目,贷记本科目。支付时,借记本科目,贷记“银行存款”等科目。 (3)采用售后回购方式的,在发出商品等资产时,应按实际收到或应收的金额,借记“银行存款”、“应收账款”等科目,按专用发票上注明的增值税额,贷记“应交税费——应交增值税(销项税额)”科目,按其差额,贷记本科目。回购价格与原销售价格之间的差额,应在售后回购期间内按期计提利息费用,借记“财务费用”科目,贷记本科目。 购回该项商品等时,应按回购商品等的价款,借记本科目,按可抵扣的增值税额,借记“应交税费——应交增值税(进项税额)”科目,按实际支付的金额,贷记“银行存款”科目。 (4)企业与债权人进行债务重组,应当分别债务重组的不同方式进行账务处理 ①以低于应付债务账面价值的现金清偿债务的,应按应付账款的账面余额,借记本科目,按实际支付的金额,贷记“银行存款”科目,按其差额,贷记“营业外收入——债务重组利得”科目。 ②企业以非现金资产清偿债务的,应按应付账款的账面余额,借记本科目,按用于清偿债务的非现金资产的公允价值,贷记“交易性金融资产”、“其他业务收入”、“主营业务收入”、“固定资产清理”、“无形资产”、“长期股权”等科目,按应支付的相费,贷记“应交税费”等科目,按其差额,贷记“营业外收入”等科目或借记“营业外支出”等科目。 ③以债务转为资本,应按应付账款的账面余额,借记本科目,按债权人因放弃债权而享有的股权的公允价值,贷记“实收资本”或“股本”、“资本公积——资本溢价或股本溢价”科目,按其差额,贷记“营业外收入——债务重组利得”科目。 ④以修改其他债务条件进行清偿的,应将重组债务的账面余额与重组后债务的公允价值的差额,借记本科目,贷记“营业外收入——债务重组利得”科目。	0
回扣怎么做账		其实也没什么的,不要叫它回扣吗?叫支付给个人的销售佣金嘛!给个人的不就不用发票嘛!再找几个相关领导签个支付证明嘛!就叫营业费用---销售佣金 佣金的扣除。佣金指纳税人在推销产品或劳务过程中向中介代理人支付的必要的、合理的报酬。佣金符合下列条件的,可计入销售费用。在税前扣除: (一)有合法真实凭证; (二)支付的对象必须是独立的有权从事中介服务的纳税人或个人(不含本企业雇员); (三)支付给个人的佣金,除另有规定者外,不得超过服务金额的5%。怎么样的凭证是合法有效的? 开一张收据,由个人及领导签字,这样可以吗? 谢谢楼上的,ZXG_76		1、销售商品、提供劳务收到的现金 =主营业务收入+其他业务收入 +应交税金(应交增值税-销项税额) +(应收帐款期初数-应收帐款期末数) +(应收票据期初数应收票据期末数) +(预收帐款期末数-预收帐款期初数) -当期计提的坏帐准备 -支付的应收票据贴现利息 -库存商品改变用途应支付的销项额 ±特殊调整事项 特殊调整事项的处理(不含三个帐户内部转帐业务),如果借:应收帐款、应收票据、预收帐款等,贷方不是“收入及销项税额”则加上,如果:贷应收帐款、应收票据、预收帐款等,借方不是“现金类”科目,则减去。 ①与收回坏帐无关 ②客户用商品抵债的进项税不在此反映。 2、收到的税费返还=返还的(增值税+消费费+营业税+关税+所得税+教育费附加)等 3、收到的其他与经营活动有关的现金 =除上述经营活动以外的其他经营活动有关的现金 4、购买商品、接受劳务支付的现金 =[主营业务成本(或其他支出支出) +存货期末价值-存货期初价值)] +应交税金(应交增值税-进项税额) +(应付帐款期初数-应付帐款期末数) +(应付票据期初数-应付票据期末数) +(预付帐款期末数-预付帐款期初数) +库存商品改变用途价值(如工程领用)+库存商品盘亏损失 -当期列入生产成本、制造费用的工资及福利费-当期列入生产成本、制造费用的折旧费和摊销的大修理费-库存商品增加额中包含的分配进入的制造费用、生产工人工资±特殊调整事项 特殊调整事项的处理,如果借:应付帐款、应付票据、预付帐款等(存贷类),贷方不是“现金类”科目,则减去,如果贷:应付帐款数、应付票据、预付帐款等,借方不是“销售成本或进项税”科目,则加上。 5、支付给职工及为职工支付的现金 =生产成本、制造费用、管理费用的工资,福利费 +(应付工资期初数-期末数)+(应付福利费期初数-期末数)附:当存在“在建工程”人员的工资、福利费时,注意期初、期末及计提数中是否包含“在建工程”的情况,按下式计算考虑计算关系。含五险一金和个税。 本期支付给职工及为职工支付的工资=(期初总额-包含的在建工程期初数) +(计提总额-包含的在建工程计提数) -(期末总额-包含的在建工程期末数) 当题目只给出本期列入生产成本的工资及福利,期初无在建工程的工资及福利时,公式为: 生产成本、制造费用、管理费用的工资、福利费 +(应付工资、应福利费期初数-期末数) -(应付工资及福利费在建工程期初数-应付工资及福利费中在建工程期末数) 6、支付的各项税费(不包括耕地占用税及退回的增值税所得税)=所得税+主营业务税金及附加 +应交税金(增值税-已交税金) +消费费+营业税 +关税+土地增值税+房产税+车船使用税+印花税 +教育费附加+矿产资源补偿费 7、支付的其他与经营活动有关的现金 =剔除各项因素后的费用+罚款支出+保险费等 经营活动产生的现金流量净额=1+2+3-(4+5+6+7)	0
回扣怎么做账		其实也没什么的,不要叫它回扣吗?叫支付给个人的销售佣金嘛!给个人的不就不用发票嘛!再找几个相关领导签个支付证明嘛!就叫营业费用---销售佣金 佣金的扣除。佣金指纳税人在推销产品或劳务过程中向中介代理人支付的必要的、合理的报酬。佣金符合下列条件的,可计入销售费用。在税前扣除: (一)有合法真实凭证; (二)支付的对象必须是独立的有权从事中介服务的纳税人或个人(不含本企业雇员); (三)支付给个人的佣金,除另有规定者外,不得超过服务金额的5%。怎么样的凭证是合法有效的? 开一张收据,由个人及领导签字,这样可以吗? 谢谢楼上的,ZXG_76		1、销售商品、提供劳务收到的现金=主营业务收入+其他业务收入+应交税金(应交增值税-销项税额)+(应收帐款期初数-应收帐款期末数)+(应收票据期初数应收票据期末数)+(预收帐款期末数-预收帐款期初数)-当期计提的坏帐准备-支付的应收票据贴现利息-库存商品改变用途应支付的销项额±特殊调整事项 特殊调整事项的处理(不含三个帐户内部转帐业务),如果借:应收帐款、应收票据、预收帐款等,贷方不是"收入及销项税额"则加上,如果:贷应收帐款、应收票据、预收帐款等,借方不是"现金类"科目,则减去.①与收回坏帐无关②客户用商品抵债的进项税不在此反映. 2、收到的税费返还=返还的(增值税+消费费+营业税+关税+所得税+教育费附加)等 3、收到的其他与经营活动有关的现金=除上述经营活动以外的其他经营活动有关的现金 4、购买商品、接受劳务支付的现金=[主营业务成本(或其他支出支出)+存货期末价值-存货期初价值)]+应交税金(应交增值税-进项税额)+(应付帐款期初数-应付帐款期末数) +(应付票据期初数-应付票据期末数)+(预付帐款期末数-预付帐款期初数)+库存商品改变用途价值(如工程领用)+库存商品盘亏损失-当期列入生产成本、制造费用的工资及福利费-当期列入生产成本、制造费用的折旧费和摊销的大修理费-库存商品增加额中包含的分配进入的制造费用、生产工人工资±特殊调整事项 特殊调整事项的处理,如果借:应付帐款、应付票据、预付帐款等(存贷类),贷方不是"现金类"科目,则减去,如果贷:应付帐款数、应付票据、预付帐款等,借方不是"销售成本或进项税"科目,则加上. 5、支付给职工及为职工支付的现金=生产成本、制造费用、管理费用的工资,福利费+(应付工资期初数-期末数)+(应付福利费期初数-期末数) 附:当存在"在建工程"人员的工资、福利费时,注意期初、期末及计提数中是否包含"在建工程"的情况,按下式计算考虑计算关系. 本期支付给职工及为职工支付的工资=(期初总额-包含的在建工程期初数)+(计提总额-包含的在建工程计提数)-(期末总额-包含的在建工程期末数)当题目只给出本期列入生产成本的工资及福利,期初无在建工程的工资及福利时,公式为:生产成本、制造费用、管理费用的工资、福利费+(应付工资、应福利费期初数-期末数)-(应付工资及福利费在建工程期初数-应付工资及福利费中在建工程期末数) 6、支付的各项税费(不包括耕地占用税及退回的增值税所得税)=所得税+主营业务税金及附加+应交税金(增值税-已交税金)+消费费+营业税+关税+土地增值税+房产税+车船使用税+印花税+教育费附加+矿产资源补偿费 7、支付的其他与经营活动有关的现金=剔除各项因素后的费用+罚款支出+保险费等 (二)投资活动产生的现金流量	0
回扣怎么做账		其实也没什么的,不要叫它回扣吗?叫支付给个人的销售佣金嘛!给个人的不就不用发票嘛!再找几个相关领导签个支付证明嘛!就叫营业费用---销售佣金 佣金的扣除。佣金指纳税人在推销产品或劳务过程中向中介代理人支付的必要的、合理的报酬。佣金符合下列条件的,可计入销售费用。在税前扣除: (一)有合法真实凭证; (二)支付的对象必须是独立的有权从事中介服务的纳税人或个人(不含本企业雇员); (三)支付给个人的佣金,除另有规定者外,不得超过服务金额的5%。怎么样的凭证是合法有效的? 开一张收据,由个人及领导签字,这样可以吗? 谢谢楼上的,ZXG_76		一) 经营活动产生的现金流量 ※1、销售商品、提供劳务收到的现金 =主营业务收入 其他业务收入 应交税金(应交增值税-销项税额) (应收帐款期初数-应收帐款期末数) (应收票据期初数应收票据期末数) (预收帐款期末数-预收帐款期初数) -当期计提的坏帐准备 -支付的应收票据贴现利息 -库存商品改变用途应支付的销项额 ±特殊调整事项 特殊调整事项的处理(不含三个帐户内部转帐业务),如果借:应收帐款、应收票据、预收帐款等,贷方不是“收入及销项税额”则加上,如果:贷应收帐款、应收票据、预收帐款等,借方不是“现金类”科目,则减去。 ※①与收回坏帐无关 ②客户用商品抵债的进项税不在此反映。 2、收到的税费返还=返还的(增值税 消费费 营业税 关税 所得税 教育费附加)等 3、收到的其他与经营活动有关的现金 =除上述经营活动以外的其他经营活动有关的现金 ※4、购买商品、接受劳务支付的现金 =[主营业务成本(或其他支出支出) 存货期末价值-存货期初价值)] 应交税金(应交增值税-进项税额) (应付帐款期初数-应付帐款期末数) (应付票据期初数-应付票据期末数) (预付帐款期末数-预付帐款期初数) 库存商品改变用途价值(如工程领用) 库存商品盘亏损失 -当期列入生产成本、制造费用的工资及福利费-当期列入生产成本、制造费用的折旧费和摊销的大修理费 -库存商品增加额中包含的分配进入的制造费用、生产工人工资±特殊调整事项 特殊调整事项的处理,如果借:应付帐款、应付票据、预付帐款等(存贷类),贷方不是“现金类”科目,则减去,如果贷:应付帐款数、应付票据、预付帐款等,借方不是“销售成本或进项税”科目,则加上。 5、支付给职工及为职工支付的现金 =生产成本、制造费用、管理费用的工资,福利费 (应付工资期初数-期末数) (应付福利费期初数-期末数)附:当存在“在建工程”人员的工资、福利费时,注意期初、期末及计提数中是否包含“在建工程”的情况,按下式计算考虑计算关系。含五险一金和个税。 本期支付给职工及为职工支付的工资=(期初总额-包含的在建工程期初数) (计提总额-包含的在建工程计提数) -(期末总额-包含的在建工程期末数) 当题目只给出本期列入生产成本的工资及福利,期初无在建工程的工资及福利时,公式为: 生产成本、制造费用、管理费用的工资、福利费 (应付工资、应福利费期初数-期末数) -(应付工资及福利费在建工程期初数-应付工资及福利费中在建工程期末数) ※6、支付的各项税费(不包括耕地占用税及退回的增值税所得税) =所得税 主营业务税金及附加 应交税金(增值税-已交税金) 消费费 营业税 关税 土地增值税 房产税 车船使用税 印花税 教育费附加 矿产资源补偿费 ※7、支付的其他与经营活动有关的现金 =剔除各项因素后的费用 罚款支出 保险费等 经营活动产生的现金流量净额=1 2 3-(4 5 6 7)	0
冰血暴好看吗		有没有人看过?今天听说冰血暴特别好看,豆瓣上评分也很高。还有大家最近都在看什么剧,最近看完了几部以前很经典的剧,都是全部完结的,现在的新剧很多,大家推荐一下第一季,相当精彩,久久不能平息!百度移动游戏玩家均可认证(限百度账号),去领取活动截止:2100-01-01等权利的游戏第六季,等的很辛苦!无耻之徒,摩登家庭,行尸走肉,绝命毒师。有网盘链接吗 --害怕的时候往床下看看,你不是一个人 (´⊙ω⊙`)怎奈黎明不懂哀伤, 双人成单。谁能忘记那段时光, 离别容易再见难。登录百度帐号贴吧页面意见反馈 违规贴吧举报反馈通道 贴吧垃圾信息处理公示		以前很爱看,不过主要还是更早时候看了电影版本~风云场景是烂了点,特效我感觉比斗气化马看着爽多了。那五十米大刀一出!真的没觉得她好看,看了她的那些写真也只是觉得她身材可以,但和女神不沾边第一次看单纯的觉得造型太丑了这片是在电影后出来的吧,至少我是先看的电影,所以没什么震撼的。雄霸是一个人演的好像。喜欢而且入了漫画坑。。。[多图]喜欢而且入了漫画坑。。。[多图]和绝无神泡澡那一集 摄影师各种福利镜头当时最好看的武侠片,没有之一电影版比电视剧要早3年吧,都已经隔了好几年了,人物服装造型廉价感竟然越来越重,其实觉得杀马特很正常。祖传疯血。。滴血认亲都省了。。说实话没什么感觉,因为当时早就看过电影版了。	0
冰血暴好看吗		有没有人看过?今天听说冰血暴特别好看,豆瓣上评分也很高。还有大家最近都在看什么剧,最近看完了几部以前很经典的剧,都是全部完结的,现在的新剧很多,大家推荐一下第一季,相当精彩,久久不能平息!百度移动游戏玩家均可认证(限百度账号),去领取活动截止:2100-01-01等权利的游戏第六季,等的很辛苦!无耻之徒,摩登家庭,行尸走肉,绝命毒师。有网盘链接吗 --害怕的时候往床下看看,你不是一个人 (´⊙ω⊙`)怎奈黎明不懂哀伤, 双人成单。谁能忘记那段时光, 离别容易再见难。登录百度帐号贴吧页面意见反馈 违规贴吧举报反馈通道 贴吧垃圾信息处理公示		典型的滥用IP再捞最后一笔的套路,看看就算了。反正5看的不满意 尼玛明明应该是吸血鬼和狼人古老的对决 却tm的成了防爆盾与uzi的激情碰撞 看的我尴尬癌都犯了看到那里,我的心都碎了,没想到他死了,而且死得那么惨。男主 应该会复活发 毕竟以前的维克多 什么的 休眠的时候也是干尸 给男主加点血 就复活啦第一个吸血鬼屌打混血老公,有第一个人类的血的瑟琳娜屌打了第一个吸血鬼,然后她居然被吸了混血老公血的狼人首领屌打原本是个科幻片吧,一切都可以用科学解释,无外乎就是非常强力的病毒,强化了人体.结果到了第五部成了青春玄幻暮光之城了,可以瞬间移动了,可以看到神圣的另外一个世界了,这尼玛导演是有多么恨一二部!	0
冰血暴好看吗		有没有人看过?今天听说冰血暴特别好看,豆瓣上评分也很高。还有大家最近都在看什么剧,最近看完了几部以前很经典的剧,都是全部完结的,现在的新剧很多,大家推荐一下第一季,相当精彩,久久不能平息!百度移动游戏玩家均可认证(限百度账号),去领取活动截止:2100-01-01等权利的游戏第六季,等的很辛苦!无耻之徒,摩登家庭,行尸走肉,绝命毒师。有网盘链接吗 --害怕的时候往床下看看,你不是一个人 (´⊙ω⊙`)怎奈黎明不懂哀伤, 双人成单。谁能忘记那段时光, 离别容易再见难。登录百度帐号贴吧页面意见反馈 违规贴吧举报反馈通道 贴吧垃圾信息处理公示		如题还不错，没特效，看着挺舒服的职业杀手路过没特效，比职业杀手看过去爽多了挺好用的买了用的很舒服没特效换身衣服罢了！不建议买除非以后变限定没特效，但是很清爽	0
冰血暴好看吗		有没有人看过?今天听说冰血暴特别好看,豆瓣上评分也很高。还有大家最近都在看什么剧,最近看完了几部以前很经典的剧,都是全部完结的,现在的新剧很多,大家推荐一下第一季,相当精彩,久久不能平息!百度移动游戏玩家均可认证(限百度账号),去领取活动截止:2100-01-01等权利的游戏第六季,等的很辛苦!无耻之徒,摩登家庭,行尸走肉,绝命毒师。有网盘链接吗 --害怕的时候往床下看看,你不是一个人 (´⊙ω⊙`)怎奈黎明不懂哀伤, 双人成单。谁能忘记那段时光, 离别容易再见难。登录百度帐号贴吧页面意见反馈 违规贴吧举报反馈通道 贴吧垃圾信息处理公示		世界那么大,走到哪就认真看看哪。值得看!但是否要去电影院看则在于你是否追求3D视觉效果了。个人觉得这部电影的特效做得还不错。所以这第一句,不止是给《美女与野兽》这部电影的评价,而是给所有童话故事和此题材电影的评价。童话故事的结尾啊,总是正义战胜了邪恶;光明代替了黑暗;爱化解了恨;善良的人被幸运之神眷顾;恶毒的人得到了应有的报应……总之,圆满了。《美女与野兽》也是这样的套路,所有的童话都是一样的套路。但这一部电影,还让我有了这些思考。几乎剧透完了,还没看的朋友慎点。欢迎已看的朋友讨论和吐槽。不求轻拍了,请给我打击!	0
奶瓶什么材质的最好		百度经验:jingyan.baidu.com什么材质的奶瓶最好呢?奶瓶是宝宝出生后必须要用到的婴儿用品,大多数妈妈们都会提前给宝宝准备好,但在给宝宝挑选奶瓶的时候最纠结的就是:玻璃的容易摔碎,塑料的怕不安全,其他材质的也不太了解……到底什么材质的奶瓶好呢?下面详细讲解了各个奶瓶的优缺点,相信只要看完,关于什么材质的奶瓶好这个问题,你就能迎刃而解。怀孕的喜悦和最难熬的三个月过去后,我就开始帮宝宝准备出生后的东西了,衣服,鞋子,尿布(不是纸尿裤,而是拿以前的纯棉T,给宝宝裁,嘻嘻,环保又省钱)等等。宝宝在肚子里刚过六个月,就在准备着奶瓶水杯这些宝宝稍微长大一点就要用的用品了。看着国内国外各种品牌,各种外形,各种材质的奶瓶,刚开始真的很纠结,问自己的妈妈呢,说自己小时候哪用过这些,刚出生喝母乳,长大一点大人吃什么,随便喂一点给自己就够了,哪像现在的小孩这么金贵的,各种吃的,用的,眼花缭乱的。现在宝宝也3岁多了,马上就要上幼儿园了,偶尔还是会用奶瓶喝点牛奶。看着虎头虎脑的儿子,想想当初的手忙脚乱,这里也给快要和刚当妈妈的一点点自己总结的心得吧。		贝亲,爱得利的奶瓶都是挺不错的,建议给宝宝用玻璃奶瓶的,比较容易消毒的,用开水煮一下就可以的,还不容易有味道的。大点的宝宝是可以用塑料的奶瓶的。我家宝宝小时候不能自己拿那瓶,需要大人喂的时候,是用的贝亲的玻璃奶瓶。能自己拿的时候,用的BOBO的塑料奶瓶。都还不错。其實貝親不錯的,但有點貴哩,我一直也都用愛得利哩我觉得贝亲的奶瓶还是不错的,新生儿宝宝的话可以使用玻璃的材质比较放心。每家运营商的DNS都不同,而且各省的也不同。你可以问问你的网络提供商,他们会告诉你的。(也可以通过分...B.20世纪上半叶,人类经历了两次世界大战,大量的青壮年人口死于战争;而20世纪下半叶,世界基本处于...	0
奶瓶什么材质的最好		百度经验:jingyan.baidu.com什么材质的奶瓶最好呢?奶瓶是宝宝出生后必须要用到的婴儿用品,大多数妈妈们都会提前给宝宝准备好,但在给宝宝挑选奶瓶的时候最纠结的就是:玻璃的容易摔碎,塑料的怕不安全,其他材质的也不太了解……到底什么材质的奶瓶好呢?下面详细讲解了各个奶瓶的优缺点,相信只要看完,关于什么材质的奶瓶好这个问题,你就能迎刃而解。怀孕的喜悦和最难熬的三个月过去后,我就开始帮宝宝准备出生后的东西了,衣服,鞋子,尿布(不是纸尿裤,而是拿以前的纯棉T,给宝宝裁,嘻嘻,环保又省钱)等等。宝宝在肚子里刚过六个月,就在准备着奶瓶水杯这些宝宝稍微长大一点就要用的用品了。看着国内国外各种品牌,各种外形,各种材质的奶瓶,刚开始真的很纠结,问自己的妈妈呢,说自己小时候哪用过这些,刚出生喝母乳,长大一点大人吃什么,随便喂一点给自己就够了,哪像现在的小孩这么金贵的,各种吃的,用的,眼花缭乱的。现在宝宝也3岁多了,马上就要上幼儿园了,偶尔还是会用奶瓶喝点牛奶。看着虎头虎脑的儿子,想想当初的手忙脚乱,这里也给快要和刚当妈妈的一点点自己总结的心得吧。		(1)PP PP(聚丙烯)材质奶瓶,世界公认食品容器安全食材,不含BPA,耐高温 110℃,抗腐蚀性、防锈性耐老化、表面光洁度极好、充分的热稳定性。缺点是透明度不高,有点类似半透明的质地,容易变形氧化没有玻璃奶瓶耐用。 (2)PPSU PPSU(聚苯砜) 材质奶瓶,不含BPA,不易产生毒素;轻盈耐摔,耐高温,但奶瓶本身是琥珀色,清透度不高,用久会发黄,看不清刻度。 (3)Tritan 不含BPA,安全无毒,轻巧耐摔,耐高温,无异味,好清洗,而且用久了不会发黄。Tritan材质已经成为欧美地区奶瓶等用品的指定材料,比如迪士尼的水壶、耐克和乐扣的部分产品都是采用了Tritan材质。	0
奶瓶什么材质的最好		百度经验:jingyan.baidu.com什么材质的奶瓶最好呢?奶瓶是宝宝出生后必须要用到的婴儿用品,大多数妈妈们都会提前给宝宝准备好,但在给宝宝挑选奶瓶的时候最纠结的就是:玻璃的容易摔碎,塑料的怕不安全,其他材质的也不太了解……到底什么材质的奶瓶好呢?下面详细讲解了各个奶瓶的优缺点,相信只要看完,关于什么材质的奶瓶好这个问题,你就能迎刃而解。怀孕的喜悦和最难熬的三个月过去后,我就开始帮宝宝准备出生后的东西了,衣服,鞋子,尿布(不是纸尿裤,而是拿以前的纯棉T,给宝宝裁,嘻嘻,环保又省钱)等等。宝宝在肚子里刚过六个月,就在准备着奶瓶水杯这些宝宝稍微长大一点就要用的用品了。看着国内国外各种品牌,各种外形,各种材质的奶瓶,刚开始真的很纠结,问自己的妈妈呢,说自己小时候哪用过这些,刚出生喝母乳,长大一点大人吃什么,随便喂一点给自己就够了,哪像现在的小孩这么金贵的,各种吃的,用的,眼花缭乱的。现在宝宝也3岁多了,马上就要上幼儿园了,偶尔还是会用奶瓶喝点牛奶。看着虎头虎脑的儿子,想想当初的手忙脚乱,这里也给快要和刚当妈妈的一点点自己总结的心得吧。		有些消费者担心不严格遵守商家的3个月一换,会威胁宝宝健康。其实合格的塑料产品也是坚固耐用的,虽说使用时间不定,但也不至于才用了3个月就老化,很多产品摆在货架上都不止3个月。产品价格:PP产品最便宜从市面上的产品来看,PPSU(如贝亲、bobo、好孩子)、PES(如新安怡、布朗博士)、PA(如NUK)产品的价格较高,一般在100元左右,而PP产品(大多数牌子都有)的价格要低一些,一般在40～80元不等。奶瓶的价格跟品牌关系也比较好,一般进口品牌售价会相对高一些,如果是同一品牌,PP材质的价格会相对低一些。婴儿洗衣液评测 性价比 质地/泡沫 温和度 清洁实验	0
奶瓶什么材质的最好		百度经验:jingyan.baidu.com什么材质的奶瓶最好呢?奶瓶是宝宝出生后必须要用到的婴儿用品,大多数妈妈们都会提前给宝宝准备好,但在给宝宝挑选奶瓶的时候最纠结的就是:玻璃的容易摔碎,塑料的怕不安全,其他材质的也不太了解……到底什么材质的奶瓶好呢?下面详细讲解了各个奶瓶的优缺点,相信只要看完,关于什么材质的奶瓶好这个问题,你就能迎刃而解。怀孕的喜悦和最难熬的三个月过去后,我就开始帮宝宝准备出生后的东西了,衣服,鞋子,尿布(不是纸尿裤,而是拿以前的纯棉T,给宝宝裁,嘻嘻,环保又省钱)等等。宝宝在肚子里刚过六个月,就在准备着奶瓶水杯这些宝宝稍微长大一点就要用的用品了。看着国内国外各种品牌,各种外形,各种材质的奶瓶,刚开始真的很纠结,问自己的妈妈呢,说自己小时候哪用过这些,刚出生喝母乳,长大一点大人吃什么,随便喂一点给自己就够了,哪像现在的小孩这么金贵的,各种吃的,用的,眼花缭乱的。现在宝宝也3岁多了,马上就要上幼儿园了,偶尔还是会用奶瓶喝点牛奶。看着虎头虎脑的儿子,想想当初的手忙脚乱,这里也给快要和刚当妈妈的一点点自己总结的心得吧。		1、玻璃储奶瓶 玻璃储奶瓶的耐热性强,抗变形程度高,越耐热越不容易变形,刻度的抗磨损度好,容易掌握哺乳量,透明度好。宽口径的玻璃储奶瓶则越来越受到大众的喜爱,与标准口径相比,宽口径的更方便清洗且能转换成奶瓶。玻璃奶瓶使用寿命最长,市面的容玻璃储奶瓶的容量通常为120ml、150ml、220ml、240ml等几种,妈妈们购买时根据自己的实际情况选择购买。玻璃奶瓶除了强度不够,易碎之外,其他品质都优于塑料奶瓶。 2、塑料储奶瓶 塑料类又包括PC(聚碳酯,也称聚碳纤维)、PES(聚醚砜树脂)、PP(聚丙烯),PPSU(聚苯砜树脂)。PPSU,PES、PC,质轻强度高,不易破碎,高度透明,性能都不错,,塑料储奶瓶时间长久后易变黄或不透明,不易查看储奶瓶是否洗净,有的经蒸煮消毒后还会变形,寿命较短,但塑料奶瓶有个最大的优点就在于其轻巧不易碎,方便容易携带。	0
奶瓶什么材质的最好		百度经验:jingyan.baidu.com1 玻璃奶瓶 玻璃奶瓶的优点是安全性佳、耐热性佳,且不易刮伤、不易藏污垢、好清洗,而且价格也不贵,适合需要多次吃奶的新生儿使用。玻璃奶瓶的缺点就是除了强度不够,易碎,因此适合在家里由妈妈拿着喂宝宝。 玻璃奶瓶 玻璃奶瓶是传统认为最安全的奶瓶,不容易刮花,好清洗,温水一泡,轻轻一晃或者用奶瓶刷子刷一下就好了,不过要注意的是玻璃奶瓶和玻璃杯一样,一下子加开水进去很容易爆裂,我就遇到过一次,那时候宝宝刚满月,想着用开水消毒一下后,装点水给宝宝喝,刚烧好的开水倒进去瓶子就裂了,吓了我一跳,宝宝也吓哭了,刚开始还以为是质量问题,结果网上查了一下,玻璃制品都是这样的。后面知道这个了,也小心了很多。玻璃瓶还有个不好的地方就是重又容易碎,宝宝六个月之前都是用的玻璃瓶,不知道摔坏多少,真是又心疼又担心。 步骤阅读		全部答案玻璃的好,方便蒸煮。好消毒,还有一种中间没有吸管的.外型是倾斜型的。最合适刚出生的宝宝。正好躺着喝牛奶,那奶瓶的角度刚好合适放在胸前。,我们家用的百慧妈妈旗下的德国昵哺宽口玻璃奶瓶很不错回忆是苍白2017-06-06 02:03:07	0
奶瓶什么材质的最好		百度经验:jingyan.baidu.com1 玻璃奶瓶 玻璃奶瓶的优点是安全性佳、耐热性佳,且不易刮伤、不易藏污垢、好清洗,而且价格也不贵,适合需要多次吃奶的新生儿使用。玻璃奶瓶的缺点就是除了强度不够,易碎,因此适合在家里由妈妈拿着喂宝宝。 玻璃奶瓶 玻璃奶瓶是传统认为最安全的奶瓶,不容易刮花,好清洗,温水一泡,轻轻一晃或者用奶瓶刷子刷一下就好了,不过要注意的是玻璃奶瓶和玻璃杯一样,一下子加开水进去很容易爆裂,我就遇到过一次,那时候宝宝刚满月,想着用开水消毒一下后,装点水给宝宝喝,刚烧好的开水倒进去瓶子就裂了,吓了我一跳,宝宝也吓哭了,刚开始还以为是质量问题,结果网上查了一下,玻璃制品都是这样的。后面知道这个了,也小心了很多。玻璃瓶还有个不好的地方就是重又容易碎,宝宝六个月之前都是用的玻璃瓶,不知道摔坏多少,真是又心疼又担心。 步骤阅读		1、玻璃储奶瓶 玻璃储奶瓶的耐热性强,抗变形程度高,越耐热越不容易变形,刻度的抗磨损度好,容易掌握哺乳量,透明度好。宽口径的玻璃储奶瓶则越来越受到大众的喜爱,与标准口径相比,宽口径的更方便清洗且能转换成奶瓶。玻璃奶瓶使用寿命最长,市面的容玻璃储奶瓶的容量通常为120ml、150ml、220ml、240ml等几种,妈妈们购买时根据自己的实际情况选择购买。玻璃奶瓶除了强度不够,易碎之外,其他品质都优于塑料奶瓶。 2、塑料储奶瓶 塑料类又包括PC(聚碳酯,也称聚碳纤维)、PES(聚醚砜树脂)、PP(聚丙烯),PPSU(聚苯砜树脂)。PPSU,PES、PC,质轻强度高,不易破碎,高度透明,性能都不错,,塑料储奶瓶时间长久后易变黄或不透明,不易查看储奶瓶是否洗净,有的经蒸煮消毒后还会变形,寿命较短,但塑料奶瓶有个最大的优点就在于其轻巧不易碎,方便容易携带。	0
奶瓶什么材质的最好		百度经验:jingyan.baidu.com1 玻璃奶瓶 玻璃奶瓶的优点是安全性佳、耐热性佳,且不易刮伤、不易藏污垢、好清洗,而且价格也不贵,适合需要多次吃奶的新生儿使用。玻璃奶瓶的缺点就是除了强度不够,易碎,因此适合在家里由妈妈拿着喂宝宝。 玻璃奶瓶 玻璃奶瓶是传统认为最安全的奶瓶,不容易刮花,好清洗,温水一泡,轻轻一晃或者用奶瓶刷子刷一下就好了,不过要注意的是玻璃奶瓶和玻璃杯一样,一下子加开水进去很容易爆裂,我就遇到过一次,那时候宝宝刚满月,想着用开水消毒一下后,装点水给宝宝喝,刚烧好的开水倒进去瓶子就裂了,吓了我一跳,宝宝也吓哭了,刚开始还以为是质量问题,结果网上查了一下,玻璃制品都是这样的。后面知道这个了,也小心了很多。玻璃瓶还有个不好的地方就是重又容易碎,宝宝六个月之前都是用的玻璃瓶,不知道摔坏多少,真是又心疼又担心。 步骤阅读		目前做奶瓶的话主要有5种材料 PP PES PPSU 硅胶 玻璃 PES PPSU 分别是聚醚砜和聚亚苯基砜 这两种材料是无毒的,使用过程中也不会释放出有毒物质,但这两种材料在重复消毒能力上来讲 PES为100次左右 PPSU为2000次,所以一般还是建议PPSU的,且这两种材质的奶瓶本身就具有蜜色,这是它们的本色,所以不用担心有色粉的添加 PP奶瓶 使用寿命只有十几次,用一个多星期后,就会出现问题,因为PP最高使用温度为107摄氏度,长期蒸煮消毒会是其使用能力下降硅胶奶瓶 安全 但是很难清洗。玻璃的烫 易碎 也比较重所以建议PPSU。	0
奶瓶什么材质的最好		百度经验:jingyan.baidu.com1 玻璃奶瓶 玻璃奶瓶的优点是安全性佳、耐热性佳,且不易刮伤、不易藏污垢、好清洗,而且价格也不贵,适合需要多次吃奶的新生儿使用。玻璃奶瓶的缺点就是除了强度不够,易碎,因此适合在家里由妈妈拿着喂宝宝。 玻璃奶瓶 玻璃奶瓶是传统认为最安全的奶瓶,不容易刮花,好清洗,温水一泡,轻轻一晃或者用奶瓶刷子刷一下就好了,不过要注意的是玻璃奶瓶和玻璃杯一样,一下子加开水进去很容易爆裂,我就遇到过一次,那时候宝宝刚满月,想着用开水消毒一下后,装点水给宝宝喝,刚烧好的开水倒进去瓶子就裂了,吓了我一跳,宝宝也吓哭了,刚开始还以为是质量问题,结果网上查了一下,玻璃制品都是这样的。后面知道这个了,也小心了很多。玻璃瓶还有个不好的地方就是重又容易碎,宝宝六个月之前都是用的玻璃瓶,不知道摔坏多少,真是又心疼又担心。 步骤阅读		贝亲,爱得利的奶瓶都是挺不错的,建议给宝宝用玻璃奶瓶的,比较容易消毒的,用开水煮一下就可以的,还不容易有味道的。大点的宝宝是可以用塑料的奶瓶的。我家宝宝小时候不能自己拿那瓶,需要大人喂的时候,是用的贝亲的玻璃奶瓶。能自己拿的时候,用的BOBO的塑料奶瓶。都还不错。其實貝親不錯的,但有點貴哩,我一直也都用愛得利哩我觉得贝亲的奶瓶还是不错的,新生儿宝宝的话可以使用玻璃的材质比较放心。每家运营商的DNS都不同,而且各省的也不同。你可以问问你的网络提供商,他们会告诉你的。(也可以通过分...B.20世纪上半叶,人类经历了两次世界大战,大量的青壮年人口死于战争;而20世纪下半叶,世界基本处于...	0
奶瓶什么材质的最好		百度经验:jingyan.baidu.com1 总的来说,玻璃奶瓶除了强度不够,易碎之外,其他品质都优于塑料奶瓶。但塑料奶瓶有个最大的优点就在于其轻巧不易碎,可以让宝宝自己拿,可以出门时携带。所以,玻璃奶瓶主要还是适合小婴儿,父母在家亲自喂养时可以用。当宝宝长大些,想自己拿奶瓶时,塑料奶瓶就要开始派上大用场了。 塑料中,PES,PPSU质轻强度高,不易破碎,高度透明,性能都不错,不考虑价格因素的话,是首选。尤其新新材料PPSU,比PC更易洗、耐用,几近于玻璃。 个人觉得婴儿期还是用玻璃的好,大人拿着奶瓶喂。等宝宝可以自己拿奶瓶喝奶喝水了,就换PPSU的吧,不容易摔碎! 玻璃材质的比较好,有防爆型的,不易碎,也可以用不含双酚A的塑料奶瓶。就是比较贵。 我用了两个,最安全的用玻璃,最方便的用塑料,不嫌贵的话用不含双酚A的PPSU塑料。 END		贝亲,爱得利的奶瓶都是挺不错的,建议给宝宝用玻璃奶瓶的,比较容易消毒的,用开水煮一下就可以的,还不容易有味道的。大点的宝宝是可以用塑料的奶瓶的。我家宝宝小时候不能自己拿那瓶,需要大人喂的时候,是用的贝亲的玻璃奶瓶。能自己拿的时候,用的BOBO的塑料奶瓶。都还不错。其實貝親不錯的,但有點貴哩,我一直也都用愛得利哩我觉得贝亲的奶瓶还是不错的,新生儿宝宝的话可以使用玻璃的材质比较放心。每家运营商的DNS都不同,而且各省的也不同。你可以问问你的网络提供商,他们会告诉你的。(也可以通过分...B.20世纪上半叶,人类经历了两次世界大战,大量的青壮年人口死于战争;而20世纪下半叶,世界基本处于...	0
奶瓶什么材质的最好		百度经验:jingyan.baidu.com1 总的来说,玻璃奶瓶除了强度不够,易碎之外,其他品质都优于塑料奶瓶。但塑料奶瓶有个最大的优点就在于其轻巧不易碎,可以让宝宝自己拿,可以出门时携带。所以,玻璃奶瓶主要还是适合小婴儿,父母在家亲自喂养时可以用。当宝宝长大些,想自己拿奶瓶时,塑料奶瓶就要开始派上大用场了。 塑料中,PES,PPSU质轻强度高,不易破碎,高度透明,性能都不错,不考虑价格因素的话,是首选。尤其新新材料PPSU,比PC更易洗、耐用,几近于玻璃。 个人觉得婴儿期还是用玻璃的好,大人拿着奶瓶喂。等宝宝可以自己拿奶瓶喝奶喝水了,就换PPSU的吧,不容易摔碎! 玻璃材质的比较好,有防爆型的,不易碎,也可以用不含双酚A的塑料奶瓶。就是比较贵。 我用了两个,最安全的用玻璃,最方便的用塑料,不嫌贵的话用不含双酚A的PPSU塑料。 END		PPSU奶瓶是塑料奶瓶的一种。从材质上分,奶瓶可分成玻璃奶瓶、塑料奶瓶、硅胶奶瓶3大类,其中塑料奶瓶又有PC奶瓶、PP奶瓶、PES奶瓶、PPSU奶瓶等类别。目前欧盟国家都不使用塑料奶瓶了,都用玻璃奶瓶了。硅胶和塑料都是化学制品,安全性能不如玻璃奶瓶,建议你改用玻璃奶瓶吧[cai哈喽]您可以试试我们的奶瓶。comotomo,韩国原装进口,FDA认证,母乳质感,医疗级硅胶无毒无害不含双酚A,防胀气,摔不坏,更可直接手洗减少洗涤剂对宝宝的危害。[cai开心]http://t.cn/zOOhWEk 祝宝宝快乐茁壮成长。[加油]	0
奶瓶什么材质的最好		百度经验:jingyan.baidu.com1 总的来说,玻璃奶瓶除了强度不够,易碎之外,其他品质都优于塑料奶瓶。但塑料奶瓶有个最大的优点就在于其轻巧不易碎,可以让宝宝自己拿,可以出门时携带。所以,玻璃奶瓶主要还是适合小婴儿,父母在家亲自喂养时可以用。当宝宝长大些,想自己拿奶瓶时,塑料奶瓶就要开始派上大用场了。 塑料中,PES,PPSU质轻强度高,不易破碎,高度透明,性能都不错,不考虑价格因素的话,是首选。尤其新新材料PPSU,比PC更易洗、耐用,几近于玻璃。 个人觉得婴儿期还是用玻璃的好,大人拿着奶瓶喂。等宝宝可以自己拿奶瓶喝奶喝水了,就换PPSU的吧,不容易摔碎! 玻璃材质的比较好,有防爆型的,不易碎,也可以用不含双酚A的塑料奶瓶。就是比较贵。 我用了两个,最安全的用玻璃,最方便的用塑料,不嫌贵的话用不含双酚A的PPSU塑料。 END		优点:玻璃奶瓶的材质用的是高级耐热的玻璃制成,而这种材料是不含双酚A的,安全无毒;玻璃奶瓶的透明度比ppsu奶瓶高,而且在遇到酸性或是碱性的物质时也不会产生有害的物质;同时,玻璃奶瓶也很耐高温,妈妈拿着的时候不容易烫手,而且奶瓶内壁光滑,不会蓄积奶垢,容易清洗。缺点:玻璃奶瓶的强度不够,容易摔碎。宝宝喝奶的时候喜欢抱着奶瓶喝,但是因为玻璃奶瓶比较重,因此经常会拿不稳,若是不小心砸到自己便会受伤,而若是摔在地上,很容易摔碎,碎掉的玻璃渣也比较难清理,而且容易划伤手。另外,在价格上,贝亲的玻璃奶瓶比ppsu奶瓶要贵。	0
奶瓶什么材质的最好		百度经验:jingyan.baidu.com1 总的来说,玻璃奶瓶除了强度不够,易碎之外,其他品质都优于塑料奶瓶。但塑料奶瓶有个最大的优点就在于其轻巧不易碎,可以让宝宝自己拿,可以出门时携带。所以,玻璃奶瓶主要还是适合小婴儿,父母在家亲自喂养时可以用。当宝宝长大些,想自己拿奶瓶时,塑料奶瓶就要开始派上大用场了。 塑料中,PES,PPSU质轻强度高,不易破碎,高度透明,性能都不错,不考虑价格因素的话,是首选。尤其新新材料PPSU,比PC更易洗、耐用,几近于玻璃。 个人觉得婴儿期还是用玻璃的好,大人拿着奶瓶喂。等宝宝可以自己拿奶瓶喝奶喝水了,就换PPSU的吧,不容易摔碎! 玻璃材质的比较好,有防爆型的,不易碎,也可以用不含双酚A的塑料奶瓶。就是比较贵。 我用了两个,最安全的用玻璃,最方便的用塑料,不嫌贵的话用不含双酚A的PPSU塑料。 END		1、PP材质,化学上称为聚丙烯,特点是轻便耐摔,容易清洗,产品安全可靠,外表透明,是理想的奶瓶材料。目前是市场上使用最广泛的奶瓶材质,主要是价格较低,而且实用性强,与其他两款奶瓶相比,性能是比不上的。 2、PPSU材质,化学名称是聚苯砜,外表颜色是淡淡的金黄色,这一材质是要比其他两种材质的更优质,产品耐高温达180度,能反复的消毒,不会产生有害成分。PES奶瓶稳定性高,不轻易变形、耐腐蚀。	0
奶瓶什么材质的最好		核心提示:目前市面上的塑料奶瓶的材质主要有PP(聚丙烯)、PPSU(聚苯砜)和PES(聚醚砜树脂)三种,也有少量的PA(聚酰胺)材质,究竟哪一种材质最好呢?孩子吃得多、吃得好,就一定长得高吗?中山大学附属第一医院儿科权威告诉你,答案是否定的。孩子如果吃了过多这三种食物,不但不长个,还会伤身!孩子长高一定要避免的三种食物是什么,关注微信公众号 39健康网 ,发送 长高查询结果。塑料奶瓶什么材质好呢?这个问题很多妈妈都非常关心,尤其是面对超市里各种各样的奶瓶的时候。目前市面上的塑料奶瓶的材质主要有PP(聚丙烯)、PPSU(聚苯砜)和PES(聚醚砜树脂)三种,也有少量的PA(聚酰胺)材质,早期也常用PC(聚碳酸酯)制造奶瓶,但由于PC奶瓶含有双酚A已退出市场。		目前做奶瓶的话主要有5种材料 PP PES PPSU 硅胶 玻璃 PES PPSU 分别是聚醚砜和聚亚苯基砜 这两种材料是无毒的,使用过程中也不会释放出有毒物质,但这两种材料在重复消毒能力上来讲 PES为100次左右 PPSU为2000次,所以一般还是建议PPSU的,且这两种材质的奶瓶本身就具有蜜色,这是它们的本色,所以不用担心有色粉的添加 PP奶瓶 使用寿命只有十几次,用一个多星期后,就会出现问题,因为PP最高使用温度为107摄氏度,长期蒸煮消毒会是其使用能力下降硅胶奶瓶 安全 但是很难清洗。玻璃的烫 易碎 也比较重所以建议PPSU。	0
奶瓶什么材质的最好		核心提示:目前市面上的塑料奶瓶的材质主要有PP(聚丙烯)、PPSU(聚苯砜)和PES(聚醚砜树脂)三种,也有少量的PA(聚酰胺)材质,究竟哪一种材质最好呢?孩子吃得多、吃得好,就一定长得高吗?中山大学附属第一医院儿科权威告诉你,答案是否定的。孩子如果吃了过多这三种食物,不但不长个,还会伤身!孩子长高一定要避免的三种食物是什么,关注微信公众号 39健康网 ,发送 长高查询结果。塑料奶瓶什么材质好呢?这个问题很多妈妈都非常关心,尤其是面对超市里各种各样的奶瓶的时候。目前市面上的塑料奶瓶的材质主要有PP(聚丙烯)、PPSU(聚苯砜)和PES(聚醚砜树脂)三种,也有少量的PA(聚酰胺)材质,早期也常用PC(聚碳酸酯)制造奶瓶,但由于PC奶瓶含有双酚A已退出市场。		优点:玻璃奶瓶的材质用的是高级耐热的玻璃制成,而这种材料是不含双酚A的,安全无毒;玻璃奶瓶的透明度比ppsu奶瓶高,而且在遇到酸性或是碱性的物质时也不会产生有害的物质;同时,玻璃奶瓶也很耐高温,妈妈拿着的时候不容易烫手,而且奶瓶内壁光滑,不会蓄积奶垢,容易清洗。缺点:玻璃奶瓶的强度不够,容易摔碎。宝宝喝奶的时候喜欢抱着奶瓶喝,但是因为玻璃奶瓶比较重,因此经常会拿不稳,若是不小心砸到自己便会受伤,而若是摔在地上,很容易摔碎,碎掉的玻璃渣也比较难清理,而且容易划伤手。另外,在价格上,贝亲的玻璃奶瓶比ppsu奶瓶要贵。	0
奶瓶什么材质的最好		核心提示:目前市面上的塑料奶瓶的材质主要有PP(聚丙烯)、PPSU(聚苯砜)和PES(聚醚砜树脂)三种,也有少量的PA(聚酰胺)材质,究竟哪一种材质最好呢?孩子吃得多、吃得好,就一定长得高吗?中山大学附属第一医院儿科权威告诉你,答案是否定的。孩子如果吃了过多这三种食物,不但不长个,还会伤身!孩子长高一定要避免的三种食物是什么,关注微信公众号 39健康网 ,发送 长高查询结果。塑料奶瓶什么材质好呢?这个问题很多妈妈都非常关心,尤其是面对超市里各种各样的奶瓶的时候。目前市面上的塑料奶瓶的材质主要有PP(聚丙烯)、PPSU(聚苯砜)和PES(聚醚砜树脂)三种,也有少量的PA(聚酰胺)材质,早期也常用PC(聚碳酸酯)制造奶瓶,但由于PC奶瓶含有双酚A已退出市场。		市场上的奶瓶从制作材料上分主要有四种——不锈钢,陶瓷,PC和玻璃的。PC,全称聚碳酸酯(含BPA),它的特点是质轻、不易碎,适合外出及较大宝宝自己拿用。但经受反复消毒后“耐力”就不如陶瓷奶瓶和玻璃制的了。玻璃和陶瓷奶瓶更适合在家里由妈妈拿着喂宝宝。不锈钢不易破碎的特性,更适合1-3岁宝宝自己持握。塑料中,PPSU,PES,PC,质轻强度高,不易破碎,高度透明,性能都不错,不考虑价格因素的话,只考虑安全耐用,尤其新新材料PPSU最安全,比PC更易洗、耐用,几近于陶瓷奶瓶和玻璃奶瓶。	0
奶瓶什么材质的最好		核心提示:目前市面上的塑料奶瓶的材质主要有PP(聚丙烯)、PPSU(聚苯砜)和PES(聚醚砜树脂)三种,也有少量的PA(聚酰胺)材质,究竟哪一种材质最好呢?孩子吃得多、吃得好,就一定长得高吗?中山大学附属第一医院儿科权威告诉你,答案是否定的。孩子如果吃了过多这三种食物,不但不长个,还会伤身!孩子长高一定要避免的三种食物是什么,关注微信公众号 39健康网 ,发送 长高查询结果。塑料奶瓶什么材质好呢?这个问题很多妈妈都非常关心,尤其是面对超市里各种各样的奶瓶的时候。目前市面上的塑料奶瓶的材质主要有PP(聚丙烯)、PPSU(聚苯砜)和PES(聚醚砜树脂)三种,也有少量的PA(聚酰胺)材质,早期也常用PC(聚碳酸酯)制造奶瓶,但由于PC奶瓶含有双酚A已退出市场。		1、PP材质,化学上称为聚丙烯,特点是轻便耐摔,容易清洗,产品安全可靠,外表透明,是理想的奶瓶材料。目前是市场上使用最广泛的奶瓶材质,主要是价格较低,而且实用性强,与其他两款奶瓶相比,性能是比不上的。 2、PPSU材质,化学名称是聚苯砜,外表颜色是淡淡的金黄色,这一材质是要比其他两种材质的更优质,产品耐高温达180度,能反复的消毒,不会产生有害成分。PES奶瓶稳定性高,不轻易变形、耐腐蚀。	0
奶瓶什么材质的最好		由于塑料奶瓶共同的特点就是轻巧耐摔,且以上四种材质均安全不含双酚A,要想知道哪种材质好,可以通过透明度、耐磨性、耐高温性能、清洁难易度、更换时间、价格等来比较。透明度和耐磨性:PPSU和PA最佳相比于玻璃奶瓶,塑料奶瓶的劣势就是透明度差和容易磨损,使用时间久了表面就会雾化,无法清楚观察瓶内的奶液,且不便于清洁。不过随着科技的进步,PPSU和PA奶瓶的透明度和耐磨性已经可以媲美玻璃奶瓶。PPSU一般呈现出淡淡的金黄色,但是透明度极高,且不容易磨损。PA为无色透明材质,透明度也非常好。PP材质则是呈现出淡淡的奶白色,通透度要相对差一些。PES的透明度则是介于PP和PPSU之间。		PPSU奶瓶是塑料奶瓶的一种。从材质上分,奶瓶可分成玻璃奶瓶、塑料奶瓶、硅胶奶瓶3大类,其中塑料奶瓶又有PC奶瓶、PP奶瓶、PES奶瓶、PPSU奶瓶等类别。目前欧盟国家都不使用塑料奶瓶了,都用玻璃奶瓶了。硅胶和塑料都是化学制品,安全性能不如玻璃奶瓶,建议你改用玻璃奶瓶吧[cai哈喽]您可以试试我们的奶瓶。comotomo,韩国原装进口,FDA认证,母乳质感,医疗级硅胶无毒无害不含双酚A,防胀气,摔不坏,更可直接手洗减少洗涤剂对宝宝的危害。[cai开心]http://t.cn/zOOhWEk 祝宝宝快乐茁壮成长。[加油]	0
奶瓶什么材质的最好		由于塑料奶瓶共同的特点就是轻巧耐摔,且以上四种材质均安全不含双酚A,要想知道哪种材质好,可以通过透明度、耐磨性、耐高温性能、清洁难易度、更换时间、价格等来比较。透明度和耐磨性:PPSU和PA最佳相比于玻璃奶瓶,塑料奶瓶的劣势就是透明度差和容易磨损,使用时间久了表面就会雾化,无法清楚观察瓶内的奶液,且不便于清洁。不过随着科技的进步,PPSU和PA奶瓶的透明度和耐磨性已经可以媲美玻璃奶瓶。PPSU一般呈现出淡淡的金黄色,但是透明度极高,且不容易磨损。PA为无色透明材质,透明度也非常好。PP材质则是呈现出淡淡的奶白色,通透度要相对差一些。PES的透明度则是介于PP和PPSU之间。		有些消费者担心不严格遵守商家的3个月一换,会威胁宝宝健康。其实合格的塑料产品也是坚固耐用的,虽说使用时间不定,但也不至于才用了3个月就老化,很多产品摆在货架上都不止3个月。产品价格:PP产品最便宜从市面上的产品来看,PPSU(如贝亲、bobo、好孩子)、PES(如新安怡、布朗博士)、PA(如NUK)产品的价格较高,一般在100元左右,而PP产品(大多数牌子都有)的价格要低一些,一般在40～80元不等。奶瓶的价格跟品牌关系也比较好,一般进口品牌售价会相对高一些,如果是同一品牌,PP材质的价格会相对低一些。婴儿洗衣液评测 性价比 质地/泡沫 温和度 清洁实验	0
奶瓶什么材质的最好		由于塑料奶瓶共同的特点就是轻巧耐摔,且以上四种材质均安全不含双酚A,要想知道哪种材质好,可以通过透明度、耐磨性、耐高温性能、清洁难易度、更换时间、价格等来比较。透明度和耐磨性:PPSU和PA最佳相比于玻璃奶瓶,塑料奶瓶的劣势就是透明度差和容易磨损,使用时间久了表面就会雾化,无法清楚观察瓶内的奶液,且不便于清洁。不过随着科技的进步,PPSU和PA奶瓶的透明度和耐磨性已经可以媲美玻璃奶瓶。PPSU一般呈现出淡淡的金黄色,但是透明度极高,且不容易磨损。PA为无色透明材质,透明度也非常好。PP材质则是呈现出淡淡的奶白色,通透度要相对差一些。PES的透明度则是介于PP和PPSU之间。		全部答案玻璃的好,方便蒸煮。好消毒,还有一种中间没有吸管的.外型是倾斜型的。最合适刚出生的宝宝。正好躺着喝牛奶,那奶瓶的角度刚好合适放在胸前。,我们家用的百慧妈妈旗下的德国昵哺宽口玻璃奶瓶很不错回忆是苍白2017-06-06 02:03:07	0
奶瓶什么材质的最好		由于塑料奶瓶共同的特点就是轻巧耐摔,且以上四种材质均安全不含双酚A,要想知道哪种材质好,可以通过透明度、耐磨性、耐高温性能、清洁难易度、更换时间、价格等来比较。透明度和耐磨性:PPSU和PA最佳相比于玻璃奶瓶,塑料奶瓶的劣势就是透明度差和容易磨损,使用时间久了表面就会雾化,无法清楚观察瓶内的奶液,且不便于清洁。不过随着科技的进步,PPSU和PA奶瓶的透明度和耐磨性已经可以媲美玻璃奶瓶。PPSU一般呈现出淡淡的金黄色,但是透明度极高,且不容易磨损。PA为无色透明材质,透明度也非常好。PP材质则是呈现出淡淡的奶白色,通透度要相对差一些。PES的透明度则是介于PP和PPSU之间。		1、玻璃储奶瓶 玻璃储奶瓶的耐热性强,抗变形程度高,越耐热越不容易变形,刻度的抗磨损度好,容易掌握哺乳量,透明度好。宽口径的玻璃储奶瓶则越来越受到大众的喜爱,与标准口径相比,宽口径的更方便清洗且能转换成奶瓶。玻璃奶瓶使用寿命最长,市面的容玻璃储奶瓶的容量通常为120ml、150ml、220ml、240ml等几种,妈妈们购买时根据自己的实际情况选择购买。玻璃奶瓶除了强度不够,易碎之外,其他品质都优于塑料奶瓶。 2、塑料储奶瓶 塑料类又包括PC(聚碳酯,也称聚碳纤维)、PES(聚醚砜树脂)、PP(聚丙烯),PPSU(聚苯砜树脂)。PPSU,PES、PC,质轻强度高,不易破碎,高度透明,性能都不错,,塑料储奶瓶时间长久后易变黄或不透明,不易查看储奶瓶是否洗净,有的经蒸煮消毒后还会变形,寿命较短,但塑料奶瓶有个最大的优点就在于其轻巧不易碎,方便容易携带。	0
奶瓶什么材质的最好		耐高温性能:均能耐受100℃以上的高温由于奶瓶需要高温消毒,因此一般要求有较好的耐高温特性。PP奶瓶一般能耐120℃高温,PPSU奶瓶可耐180℃高温 ,PES奶瓶也可耐受180℃的高温,PA奶瓶可耐220℃高温。清洁难易度:材质关系不大,关键看奶瓶形状塑料奶瓶一般比玻璃奶瓶难以清洁一些,因此奶瓶刷必不可少。从实际使用来看,这四种材质的奶瓶清洁难易程度都差不多,关键还是看奶瓶的造型,如果奶瓶造型较奇特且死角较多,一般不容易清洁,所以一般建议妈妈购买奶瓶形状较为周正的产品。更换时间:越透明和耐磨使用时间越长关于塑料奶瓶的更换时间说法不一,有的商家称3个月就可以更换奶瓶,有的则认为半年才更换,但作为消费者来说,3个月更换一次奶瓶未免太奢侈,通常都是等到奶瓶雾化才开始更换。从这一点来看,如果奶瓶的透明度较高,且比较耐磨,一般能否使用较长的时间,也就是说PPSU、PA、PES的使用时间通常会比PP更长一些,当然这也跟个人的习惯有关。		贝亲,爱得利的奶瓶都是挺不错的,建议给宝宝用玻璃奶瓶的,比较容易消毒的,用开水煮一下就可以的,还不容易有味道的。大点的宝宝是可以用塑料的奶瓶的。我家宝宝小时候不能自己拿那瓶,需要大人喂的时候,是用的贝亲的玻璃奶瓶。能自己拿的时候,用的BOBO的塑料奶瓶。都还不错。其實貝親不錯的,但有點貴哩,我一直也都用愛得利哩我觉得贝亲的奶瓶还是不错的,新生儿宝宝的话可以使用玻璃的材质比较放心。每家运营商的DNS都不同,而且各省的也不同。你可以问问你的网络提供商,他们会告诉你的。(也可以通过分...B.20世纪上半叶,人类经历了两次世界大战,大量的青壮年人口死于战争;而20世纪下半叶,世界基本处于...	0
奶瓶什么材质的最好		耐高温性能:均能耐受100℃以上的高温由于奶瓶需要高温消毒,因此一般要求有较好的耐高温特性。PP奶瓶一般能耐120℃高温,PPSU奶瓶可耐180℃高温 ,PES奶瓶也可耐受180℃的高温,PA奶瓶可耐220℃高温。清洁难易度:材质关系不大,关键看奶瓶形状塑料奶瓶一般比玻璃奶瓶难以清洁一些,因此奶瓶刷必不可少。从实际使用来看,这四种材质的奶瓶清洁难易程度都差不多,关键还是看奶瓶的造型,如果奶瓶造型较奇特且死角较多,一般不容易清洁,所以一般建议妈妈购买奶瓶形状较为周正的产品。更换时间:越透明和耐磨使用时间越长关于塑料奶瓶的更换时间说法不一,有的商家称3个月就可以更换奶瓶,有的则认为半年才更换,但作为消费者来说,3个月更换一次奶瓶未免太奢侈,通常都是等到奶瓶雾化才开始更换。从这一点来看,如果奶瓶的透明度较高,且比较耐磨,一般能否使用较长的时间,也就是说PPSU、PA、PES的使用时间通常会比PP更长一些,当然这也跟个人的习惯有关。		1、PP材质,化学上称为聚丙烯,特点是轻便耐摔,容易清洗,产品安全可靠,外表透明,是理想的奶瓶材料。目前是市场上使用最广泛的奶瓶材质,主要是价格较低,而且实用性强,与其他两款奶瓶相比,性能是比不上的。 2、PPSU材质,化学名称是聚苯砜,外表颜色是淡淡的金黄色,这一材质是要比其他两种材质的更优质,产品耐高温达180度,能反复的消毒,不会产生有害成分。PES奶瓶稳定性高,不轻易变形、耐腐蚀。	0
奶瓶什么材质的最好		耐高温性能:均能耐受100℃以上的高温由于奶瓶需要高温消毒,因此一般要求有较好的耐高温特性。PP奶瓶一般能耐120℃高温,PPSU奶瓶可耐180℃高温 ,PES奶瓶也可耐受180℃的高温,PA奶瓶可耐220℃高温。清洁难易度:材质关系不大,关键看奶瓶形状塑料奶瓶一般比玻璃奶瓶难以清洁一些,因此奶瓶刷必不可少。从实际使用来看,这四种材质的奶瓶清洁难易程度都差不多,关键还是看奶瓶的造型,如果奶瓶造型较奇特且死角较多,一般不容易清洁,所以一般建议妈妈购买奶瓶形状较为周正的产品。更换时间:越透明和耐磨使用时间越长关于塑料奶瓶的更换时间说法不一,有的商家称3个月就可以更换奶瓶,有的则认为半年才更换,但作为消费者来说,3个月更换一次奶瓶未免太奢侈,通常都是等到奶瓶雾化才开始更换。从这一点来看,如果奶瓶的透明度较高,且比较耐磨,一般能否使用较长的时间,也就是说PPSU、PA、PES的使用时间通常会比PP更长一些,当然这也跟个人的习惯有关。		目前做奶瓶的话主要有5种材料 PP PES PPSU 硅胶 玻璃 PES PPSU 分别是聚醚砜和聚亚苯基砜 这两种材料是无毒的,使用过程中也不会释放出有毒物质,但这两种材料在重复消毒能力上来讲 PES为100次左右 PPSU为2000次,所以一般还是建议PPSU的,且这两种材质的奶瓶本身就具有蜜色,这是它们的本色,所以不用担心有色粉的添加 PP奶瓶 使用寿命只有十几次,用一个多星期后,就会出现问题,因为PP最高使用温度为107摄氏度,长期蒸煮消毒会是其使用能力下降硅胶奶瓶 安全 但是很难清洗。玻璃的烫 易碎 也比较重所以建议PPSU。	0
奶瓶什么材质的最好		耐高温性能:均能耐受100℃以上的高温由于奶瓶需要高温消毒,因此一般要求有较好的耐高温特性。PP奶瓶一般能耐120℃高温,PPSU奶瓶可耐180℃高温 ,PES奶瓶也可耐受180℃的高温,PA奶瓶可耐220℃高温。清洁难易度:材质关系不大,关键看奶瓶形状塑料奶瓶一般比玻璃奶瓶难以清洁一些,因此奶瓶刷必不可少。从实际使用来看,这四种材质的奶瓶清洁难易程度都差不多,关键还是看奶瓶的造型,如果奶瓶造型较奇特且死角较多,一般不容易清洁,所以一般建议妈妈购买奶瓶形状较为周正的产品。更换时间:越透明和耐磨使用时间越长关于塑料奶瓶的更换时间说法不一,有的商家称3个月就可以更换奶瓶,有的则认为半年才更换,但作为消费者来说,3个月更换一次奶瓶未免太奢侈,通常都是等到奶瓶雾化才开始更换。从这一点来看,如果奶瓶的透明度较高,且比较耐磨,一般能否使用较长的时间,也就是说PPSU、PA、PES的使用时间通常会比PP更长一些,当然这也跟个人的习惯有关。		PES奶瓶优点:耐热性高,可耐热180℃,且加热不产生双酚A,瓶身轻。PES奶瓶缺点:只是残留的奶垢不容易清洗,使用大概六到八个月更换一次。PPSU奶瓶PPSU就是聚亚苯基砜,是一种无定形的热性塑料,具有高度、透明性、高水解稳定性。制品可以经受重复的蒸汽消毒。PSU奶瓶优点:奶瓶较轻、耐摔不易破裂、冲泡加热或蒸气消毒不易产生化学毒素、不含扰乱内分泌的致癌化学物质(环境荷尔蒙双酚A)、耐热180℃,可微波加热。PPSU奶瓶缺点:易残留奶垢不易清洗、容易刮伤。妈妈在为孩子选择和使用塑料奶瓶的时候应多留心哦。	0
奶瓶什么材质的最好		有些消费者担心不严格遵守商家的3个月一换,会威胁宝宝健康。其实合格的塑料产品也是坚固耐用的,虽说使用时间不定,但也不至于才用了3个月就老化,很多产品摆在货架上都不止3个月。产品价格:PP产品最便宜从市面上的产品来看,PPSU(如贝亲、bobo、好孩子)、PES(如新安怡、布朗博士)、PA(如NUK)产品的价格较高,一般在100元左右,而PP产品(大多数牌子都有)的价格要低一些,一般在40～80元不等。奶瓶的价格跟品牌关系也比较好,一般进口品牌售价会相对高一些,如果是同一品牌,PP材质的价格会相对低一些。婴儿洗衣液评测 性价比 质地/泡沫 温和度 清洁实验		贝亲,爱得利的奶瓶都是挺不错的,建议给宝宝用玻璃奶瓶的,比较容易消毒的,用开水煮一下就可以的,还不容易有味道的。大点的宝宝是可以用塑料的奶瓶的。我家宝宝小时候不能自己拿那瓶,需要大人喂的时候,是用的贝亲的玻璃奶瓶。能自己拿的时候,用的BOBO的塑料奶瓶。都还不错。其實貝親不錯的,但有點貴哩,我一直也都用愛得利哩我觉得贝亲的奶瓶还是不错的,新生儿宝宝的话可以使用玻璃的材质比较放心。每家运营商的DNS都不同,而且各省的也不同。你可以问问你的网络提供商,他们会告诉你的。(也可以通过分...B.20世纪上半叶,人类经历了两次世界大战,大量的青壮年人口死于战争;而20世纪下半叶,世界基本处于...	0
奶瓶什么材质的最好		有些消费者担心不严格遵守商家的3个月一换,会威胁宝宝健康。其实合格的塑料产品也是坚固耐用的,虽说使用时间不定,但也不至于才用了3个月就老化,很多产品摆在货架上都不止3个月。产品价格:PP产品最便宜从市面上的产品来看,PPSU(如贝亲、bobo、好孩子)、PES(如新安怡、布朗博士)、PA(如NUK)产品的价格较高,一般在100元左右,而PP产品(大多数牌子都有)的价格要低一些,一般在40～80元不等。奶瓶的价格跟品牌关系也比较好,一般进口品牌售价会相对高一些,如果是同一品牌,PP材质的价格会相对低一些。婴儿洗衣液评测 性价比 质地/泡沫 温和度 清洁实验		(1)PP PP(聚丙烯)材质奶瓶,世界公认食品容器安全食材,不含BPA,耐高温 110℃,抗腐蚀性、防锈性耐老化、表面光洁度极好、充分的热稳定性。缺点是透明度不高,有点类似半透明的质地,容易变形氧化没有玻璃奶瓶耐用。 (2)PPSU PPSU(聚苯砜) 材质奶瓶,不含BPA,不易产生毒素;轻盈耐摔,耐高温,但奶瓶本身是琥珀色,清透度不高,用久会发黄,看不清刻度。 (3)Tritan 不含BPA,安全无毒,轻巧耐摔,耐高温,无异味,好清洗,而且用久了不会发黄。Tritan材质已经成为欧美地区奶瓶等用品的指定材料,比如迪士尼的水壶、耐克和乐扣的部分产品都是采用了Tritan材质。	0
奶瓶什么材质的最好		有些消费者担心不严格遵守商家的3个月一换,会威胁宝宝健康。其实合格的塑料产品也是坚固耐用的,虽说使用时间不定,但也不至于才用了3个月就老化,很多产品摆在货架上都不止3个月。产品价格:PP产品最便宜从市面上的产品来看,PPSU(如贝亲、bobo、好孩子)、PES(如新安怡、布朗博士)、PA(如NUK)产品的价格较高,一般在100元左右,而PP产品(大多数牌子都有)的价格要低一些,一般在40～80元不等。奶瓶的价格跟品牌关系也比较好,一般进口品牌售价会相对高一些,如果是同一品牌,PP材质的价格会相对低一些。婴儿洗衣液评测 性价比 质地/泡沫 温和度 清洁实验		特点:PPSU为安心材质,不含扰乱内分泌的致癌化学物质(环境荷尔蒙:双酚A),广泛使用于医疗器材,PPSU为一种耐热性极佳的材质,耐热温度高达207度,可因应反复的高温煮沸,蒸汽消毒,医院的真空高压消毒,微波炉加热消毒及药液消毒。PPSU材质具极优良之抗药性及抗酸碱性,可承受一般药水及洗洁剂清洗,不会产生化学变化。个人观点:PPSU奶瓶经检验证实不含双酚A毒素,兼具玻璃奶瓶的无毒通透、PC奶瓶的轻盈耐摔的三大优越特性,是最理想最安心的奶瓶材质。无论是给新生儿用还是较大宝宝用都是非常好的选择。	0
奶瓶什么材质的最好		有些消费者担心不严格遵守商家的3个月一换,会威胁宝宝健康。其实合格的塑料产品也是坚固耐用的,虽说使用时间不定,但也不至于才用了3个月就老化,很多产品摆在货架上都不止3个月。产品价格:PP产品最便宜从市面上的产品来看,PPSU(如贝亲、bobo、好孩子)、PES(如新安怡、布朗博士)、PA(如NUK)产品的价格较高,一般在100元左右,而PP产品(大多数牌子都有)的价格要低一些,一般在40～80元不等。奶瓶的价格跟品牌关系也比较好,一般进口品牌售价会相对高一些,如果是同一品牌,PP材质的价格会相对低一些。婴儿洗衣液评测 性价比 质地/泡沫 温和度 清洁实验		目前做奶瓶的话主要有5种材料 PP PES PPSU 硅胶 玻璃 PES PPSU 分别是聚醚砜和聚亚苯基砜 这两种材料是无毒的,使用过程中也不会释放出有毒物质,但这两种材料在重复消毒能力上来讲 PES为100次左右 PPSU为2000次,所以一般还是建议PPSU的,且这两种材质的奶瓶本身就具有蜜色,这是它们的本色,所以不用担心有色粉的添加 PP奶瓶 使用寿命只有十几次,用一个多星期后,就会出现问题,因为PP最高使用温度为107摄氏度,长期蒸煮消毒会是其使用能力下降硅胶奶瓶 安全 但是很难清洗。玻璃的烫 易碎 也比较重所以建议PPSU。	0
奶瓶什么材质的最好		百度经验:jingyan.baidu.com目前市场上的奶瓶玲琅满目,各种材质都有,玻璃奶瓶、塑料奶瓶、硅胶奶瓶、不锈钢奶瓶还有陶瓷奶瓶。我们都知道病从口入,所以在给宝宝选择奶瓶的时候特别注意,有的材质的奶瓶会产生有毒物质,如pc塑料奶瓶含有含有双酚A的成份,对宝宝的身体发育有影响。到底什么样材质的奶瓶好呢?各种材质奶瓶的优缺点是什么呢?百度经验:jingyan.baidu.com百度经验:jingyan.baidu.com百度经验:jingyan.baidu.com百度经验:jingyan.baidu.com		全部答案玻璃的好,方便蒸煮。好消毒,还有一种中间没有吸管的.外型是倾斜型的。最合适刚出生的宝宝。正好躺着喝牛奶,那奶瓶的角度刚好合适放在胸前。,我们家用的百慧妈妈旗下的德国昵哺宽口玻璃奶瓶很不错回忆是苍白2017-06-06 02:03:07	0
奶瓶什么材质的最好		百度经验:jingyan.baidu.com目前市场上的奶瓶玲琅满目,各种材质都有,玻璃奶瓶、塑料奶瓶、硅胶奶瓶、不锈钢奶瓶还有陶瓷奶瓶。我们都知道病从口入,所以在给宝宝选择奶瓶的时候特别注意,有的材质的奶瓶会产生有毒物质,如pc塑料奶瓶含有含有双酚A的成份,对宝宝的身体发育有影响。到底什么样材质的奶瓶好呢?各种材质奶瓶的优缺点是什么呢?百度经验:jingyan.baidu.com百度经验:jingyan.baidu.com百度经验:jingyan.baidu.com百度经验:jingyan.baidu.com		有些消费者担心不严格遵守商家的3个月一换,会威胁宝宝健康。其实合格的塑料产品也是坚固耐用的,虽说使用时间不定,但也不至于才用了3个月就老化,很多产品摆在货架上都不止3个月。产品价格:PP产品最便宜从市面上的产品来看,PPSU(如贝亲、bobo、好孩子)、PES(如新安怡、布朗博士)、PA(如NUK)产品的价格较高,一般在100元左右,而PP产品(大多数牌子都有)的价格要低一些,一般在40～80元不等。奶瓶的价格跟品牌关系也比较好,一般进口品牌售价会相对高一些,如果是同一品牌,PP材质的价格会相对低一些。婴儿洗衣液评测 性价比 质地/泡沫 温和度 清洁实验	0
奶瓶什么材质的最好		百度经验:jingyan.baidu.com目前市场上的奶瓶玲琅满目,各种材质都有,玻璃奶瓶、塑料奶瓶、硅胶奶瓶、不锈钢奶瓶还有陶瓷奶瓶。我们都知道病从口入,所以在给宝宝选择奶瓶的时候特别注意,有的材质的奶瓶会产生有毒物质,如pc塑料奶瓶含有含有双酚A的成份,对宝宝的身体发育有影响。到底什么样材质的奶瓶好呢?各种材质奶瓶的优缺点是什么呢?百度经验:jingyan.baidu.com百度经验:jingyan.baidu.com百度经验:jingyan.baidu.com百度经验:jingyan.baidu.com		目前做奶瓶的话主要有5种材料 PP PES PPSU 硅胶 玻璃 PES PPSU 分别是聚醚砜和聚亚苯基砜 这两种材料是无毒的,使用过程中也不会释放出有毒物质,但这两种材料在重复消毒能力上来讲 PES为100次左右 PPSU为2000次,所以一般还是建议PPSU的,且这两种材质的奶瓶本身就具有蜜色,这是它们的本色,所以不用担心有色粉的添加 PP奶瓶 使用寿命只有十几次,用一个多星期后,就会出现问题,因为PP最高使用温度为107摄氏度,长期蒸煮消毒会是其使用能力下降硅胶奶瓶 安全 但是很难清洗。玻璃的烫 易碎 也比较重所以建议PPSU。	0
奶瓶什么材质的最好		百度经验:jingyan.baidu.com目前市场上的奶瓶玲琅满目,各种材质都有,玻璃奶瓶、塑料奶瓶、硅胶奶瓶、不锈钢奶瓶还有陶瓷奶瓶。我们都知道病从口入,所以在给宝宝选择奶瓶的时候特别注意,有的材质的奶瓶会产生有毒物质,如pc塑料奶瓶含有含有双酚A的成份,对宝宝的身体发育有影响。到底什么样材质的奶瓶好呢?各种材质奶瓶的优缺点是什么呢?百度经验:jingyan.baidu.com百度经验:jingyan.baidu.com百度经验:jingyan.baidu.com百度经验:jingyan.baidu.com		玻璃奶瓶使用寿命最长,市面的容玻璃储奶瓶的容量通常为120ml、150ml、220ml、 240ml等几种,妈妈们购买时根据自己的实际情况选择购买。玻璃奶瓶除了强度不够,易碎之外,其他品质都优于塑料奶瓶。	0
奶瓶什么材质的最好		百度经验:jingyan.baidu.com百度经验:jingyan.baidu.com百度经验:jingyan.baidu.com1 刚出生的宝宝,建议使用玻璃奶瓶,一般0-6个月的宝宝很少会自己拿着奶瓶吃奶喝水,所以这个时段建议爸爸妈妈给宝宝买玻璃奶瓶。 2 6个月以上或者开始想自己拿奶瓶的话,可以选择ppsu材质的塑料奶瓶,这样轻巧不容易碎,而且也比较安全,当然也可以选择硅胶奶瓶,只是硅胶还是有一点味道的。 END百度经验:jingyan.baidu.com经验内容仅供参考,如果您需解决具体问题(尤其法律、医学等领域),建议您详细咨询相关领域专业人士。		贝亲,爱得利的奶瓶都是挺不错的,建议给宝宝用玻璃奶瓶的,比较容易消毒的,用开水煮一下就可以的,还不容易有味道的。大点的宝宝是可以用塑料的奶瓶的。我家宝宝小时候不能自己拿那瓶,需要大人喂的时候,是用的贝亲的玻璃奶瓶。能自己拿的时候,用的BOBO的塑料奶瓶。都还不错。其實貝親不錯的,但有點貴哩,我一直也都用愛得利哩我觉得贝亲的奶瓶还是不错的,新生儿宝宝的话可以使用玻璃的材质比较放心。每家运营商的DNS都不同,而且各省的也不同。你可以问问你的网络提供商,他们会告诉你的。(也可以通过分...B.20世纪上半叶,人类经历了两次世界大战,大量的青壮年人口死于战争;而20世纪下半叶,世界基本处于...	0
奶瓶什么材质的最好		百度经验:jingyan.baidu.com百度经验:jingyan.baidu.com百度经验:jingyan.baidu.com1 刚出生的宝宝,建议使用玻璃奶瓶,一般0-6个月的宝宝很少会自己拿着奶瓶吃奶喝水,所以这个时段建议爸爸妈妈给宝宝买玻璃奶瓶。 2 6个月以上或者开始想自己拿奶瓶的话,可以选择ppsu材质的塑料奶瓶,这样轻巧不容易碎,而且也比较安全,当然也可以选择硅胶奶瓶,只是硅胶还是有一点味道的。 END百度经验:jingyan.baidu.com经验内容仅供参考,如果您需解决具体问题(尤其法律、医学等领域),建议您详细咨询相关领域专业人士。		(1)PP PP(聚丙烯)材质奶瓶,世界公认食品容器安全食材,不含BPA,耐高温 110℃,抗腐蚀性、防锈性耐老化、表面光洁度极好、充分的热稳定性。缺点是透明度不高,有点类似半透明的质地,容易变形氧化没有玻璃奶瓶耐用。 (2)PPSU PPSU(聚苯砜) 材质奶瓶,不含BPA,不易产生毒素;轻盈耐摔,耐高温,但奶瓶本身是琥珀色,清透度不高,用久会发黄,看不清刻度。 (3)Tritan 不含BPA,安全无毒,轻巧耐摔,耐高温,无异味,好清洗,而且用久了不会发黄。Tritan材质已经成为欧美地区奶瓶等用品的指定材料,比如迪士尼的水壶、耐克和乐扣的部分产品都是采用了Tritan材质。	0
奶瓶什么材质的最好		百度经验:jingyan.baidu.com百度经验:jingyan.baidu.com百度经验:jingyan.baidu.com1 刚出生的宝宝,建议使用玻璃奶瓶,一般0-6个月的宝宝很少会自己拿着奶瓶吃奶喝水,所以这个时段建议爸爸妈妈给宝宝买玻璃奶瓶。 2 6个月以上或者开始想自己拿奶瓶的话,可以选择ppsu材质的塑料奶瓶,这样轻巧不容易碎,而且也比较安全,当然也可以选择硅胶奶瓶,只是硅胶还是有一点味道的。 END百度经验:jingyan.baidu.com经验内容仅供参考,如果您需解决具体问题(尤其法律、医学等领域),建议您详细咨询相关领域专业人士。		优点:玻璃奶瓶的材质用的是高级耐热的玻璃制成,而这种材料是不含双酚A的,安全无毒;玻璃奶瓶的透明度比ppsu奶瓶高,而且在遇到酸性或是碱性的物质时也不会产生有害的物质;同时,玻璃奶瓶也很耐高温,妈妈拿着的时候不容易烫手,而且奶瓶内壁光滑,不会蓄积奶垢,容易清洗。缺点:玻璃奶瓶的强度不够,容易摔碎。宝宝喝奶的时候喜欢抱着奶瓶喝,但是因为玻璃奶瓶比较重,因此经常会拿不稳,若是不小心砸到自己便会受伤,而若是摔在地上,很容易摔碎,碎掉的玻璃渣也比较难清理,而且容易划伤手。另外,在价格上,贝亲的玻璃奶瓶比ppsu奶瓶要贵。	0
奶瓶什么材质的最好		百度经验:jingyan.baidu.com百度经验:jingyan.baidu.com百度经验:jingyan.baidu.com1 刚出生的宝宝,建议使用玻璃奶瓶,一般0-6个月的宝宝很少会自己拿着奶瓶吃奶喝水,所以这个时段建议爸爸妈妈给宝宝买玻璃奶瓶。 2 6个月以上或者开始想自己拿奶瓶的话,可以选择ppsu材质的塑料奶瓶,这样轻巧不容易碎,而且也比较安全,当然也可以选择硅胶奶瓶,只是硅胶还是有一点味道的。 END百度经验:jingyan.baidu.com经验内容仅供参考,如果您需解决具体问题(尤其法律、医学等领域),建议您详细咨询相关领域专业人士。		1、玻璃储奶瓶 玻璃储奶瓶的耐热性强,抗变形程度高,越耐热越不容易变形,刻度的抗磨损度好,容易掌握哺乳量,透明度好。宽口径的玻璃储奶瓶则越来越受到大众的喜爱,与标准口径相比,宽口径的更方便清洗且能转换成奶瓶。玻璃奶瓶使用寿命最长,市面的容玻璃储奶瓶的容量通常为120ml、150ml、220ml、240ml等几种,妈妈们购买时根据自己的实际情况选择购买。玻璃奶瓶除了强度不够,易碎之外,其他品质都优于塑料奶瓶。 2、塑料储奶瓶 塑料类又包括PC(聚碳酯,也称聚碳纤维)、PES(聚醚砜树脂)、PP(聚丙烯),PPSU(聚苯砜树脂)。PPSU,PES、PC,质轻强度高,不易破碎,高度透明,性能都不错,,塑料储奶瓶时间长久后易变黄或不透明,不易查看储奶瓶是否洗净,有的经蒸煮消毒后还会变形,寿命较短,但塑料奶瓶有个最大的优点就在于其轻巧不易碎,方便容易携带。	0
奶瓶什么材质的最好		目前做奶瓶的话主要有5种材料 PP PES PPSU 硅胶 玻璃 PES PPSU 分别是聚醚砜和聚亚苯基砜 这两种材料是无毒的,使用过程中也不会释放出有毒物质,但这两种材料在重复消毒能力上来讲 PES为100次左右 PPSU为2000次,所以一般还是建议PPSU的,且这两种材质的奶瓶本身就具有蜜色,这是它们的本色,所以不用担心有色粉的添加 PP奶瓶 使用寿命只有十几次,用一个多星期后,就会出现问题,因为PP最高使用温度为107摄氏度,长期蒸煮消毒会是其使用能力下降硅胶奶瓶 安全 但是很难清洗。玻璃的烫 易碎 也比较重所以建议PPSU。		玻璃奶瓶使用寿命最长,市面的容玻璃储奶瓶的容量通常为120ml、150ml、220ml、 240ml等几种,妈妈们购买时根据自己的实际情况选择购买。玻璃奶瓶除了强度不够,易碎之外,其他品质都优于塑料奶瓶。	0
奶瓶什么材质的最好		目前做奶瓶的话主要有5种材料 PP PES PPSU 硅胶 玻璃 PES PPSU 分别是聚醚砜和聚亚苯基砜 这两种材料是无毒的,使用过程中也不会释放出有毒物质,但这两种材料在重复消毒能力上来讲 PES为100次左右 PPSU为2000次,所以一般还是建议PPSU的,且这两种材质的奶瓶本身就具有蜜色,这是它们的本色,所以不用担心有色粉的添加 PP奶瓶 使用寿命只有十几次,用一个多星期后,就会出现问题,因为PP最高使用温度为107摄氏度,长期蒸煮消毒会是其使用能力下降硅胶奶瓶 安全 但是很难清洗。玻璃的烫 易碎 也比较重所以建议PPSU。		特点:PPSU为安心材质,不含扰乱内分泌的致癌化学物质(环境荷尔蒙:双酚A),广泛使用于医疗器材,PPSU为一种耐热性极佳的材质,耐热温度高达207度,可因应反复的高温煮沸,蒸汽消毒,医院的真空高压消毒,微波炉加热消毒及药液消毒。PPSU材质具极优良之抗药性及抗酸碱性,可承受一般药水及洗洁剂清洗,不会产生化学变化。个人观点:PPSU奶瓶经检验证实不含双酚A毒素,兼具玻璃奶瓶的无毒通透、PC奶瓶的轻盈耐摔的三大优越特性,是最理想最安心的奶瓶材质。无论是给新生儿用还是较大宝宝用都是非常好的选择。	0
奶瓶什么材质的最好		目前做奶瓶的话主要有5种材料 PP PES PPSU 硅胶 玻璃 PES PPSU 分别是聚醚砜和聚亚苯基砜 这两种材料是无毒的,使用过程中也不会释放出有毒物质,但这两种材料在重复消毒能力上来讲 PES为100次左右 PPSU为2000次,所以一般还是建议PPSU的,且这两种材质的奶瓶本身就具有蜜色,这是它们的本色,所以不用担心有色粉的添加 PP奶瓶 使用寿命只有十几次,用一个多星期后,就会出现问题,因为PP最高使用温度为107摄氏度,长期蒸煮消毒会是其使用能力下降硅胶奶瓶 安全 但是很难清洗。玻璃的烫 易碎 也比较重所以建议PPSU。		PPSU奶瓶是塑料奶瓶的一种。从材质上分,奶瓶可分成玻璃奶瓶、塑料奶瓶、硅胶奶瓶3大类,其中塑料奶瓶又有PC奶瓶、PP奶瓶、PES奶瓶、PPSU奶瓶等类别。目前欧盟国家都不使用塑料奶瓶了,都用玻璃奶瓶了。硅胶和塑料都是化学制品,安全性能不如玻璃奶瓶,建议你改用玻璃奶瓶吧[cai哈喽]您可以试试我们的奶瓶。comotomo,韩国原装进口,FDA认证,母乳质感,医疗级硅胶无毒无害不含双酚A,防胀气,摔不坏,更可直接手洗减少洗涤剂对宝宝的危害。[cai开心]http://t.cn/zOOhWEk 祝宝宝快乐茁壮成长。[加油]	0
奶瓶什么材质的最好		目前做奶瓶的话主要有5种材料 PP PES PPSU 硅胶 玻璃 PES PPSU 分别是聚醚砜和聚亚苯基砜 这两种材料是无毒的,使用过程中也不会释放出有毒物质,但这两种材料在重复消毒能力上来讲 PES为100次左右 PPSU为2000次,所以一般还是建议PPSU的,且这两种材质的奶瓶本身就具有蜜色,这是它们的本色,所以不用担心有色粉的添加 PP奶瓶 使用寿命只有十几次,用一个多星期后,就会出现问题,因为PP最高使用温度为107摄氏度,长期蒸煮消毒会是其使用能力下降硅胶奶瓶 安全 但是很难清洗。玻璃的烫 易碎 也比较重所以建议PPSU。		(1)PP PP(聚丙烯)材质奶瓶,世界公认食品容器安全食材,不含BPA,耐高温 110℃,抗腐蚀性、防锈性耐老化、表面光洁度极好、充分的热稳定性。缺点是透明度不高,有点类似半透明的质地,容易变形氧化没有玻璃奶瓶耐用。 (2)PPSU PPSU(聚苯砜) 材质奶瓶,不含BPA,不易产生毒素;轻盈耐摔,耐高温,但奶瓶本身是琥珀色,清透度不高,用久会发黄,看不清刻度。 (3)Tritan 不含BPA,安全无毒,轻巧耐摔,耐高温,无异味,好清洗,而且用久了不会发黄。Tritan材质已经成为欧美地区奶瓶等用品的指定材料,比如迪士尼的水壶、耐克和乐扣的部分产品都是采用了Tritan材质。	0
奶瓶什么材质的最好		百度知道用户 2015-08-07 16:32宝宝知道提示您:回答为网友贡献,仅供参考。看个人需求和宝宝大小再进行选择。 1、玻璃奶瓶:适合新生儿使用 玻璃奶瓶的优点是安全性佳、耐热性佳,且不易刮伤、不易藏污垢、好清洗,而且价格也不贵,适合需要多次吃奶的新生儿使用。玻璃奶瓶的缺点就是除了强度不够,易碎,因此适合在家里由妈妈拿着喂宝宝。 2、塑料奶瓶:适合三个月以上...的宝宝使用 塑料奶瓶轻便,三个月之后可以给宝宝使用塑料奶瓶。塑料奶瓶的三种材质中PP奶瓶最常见,性能也好,是塑料奶瓶的首选。PES与PP一样拥有众多优点,而且更容易清洗耐用,接近玻璃的优点,不过其价格比较贵。如何不考虑价格因素的话,只考虑安全耐用,哪么新材料PPSU最安全,比PC更易洗、耐用,几近于玻璃。但是PPS奶瓶价格比较贵,同时可供选择的品牌也较少。 3、不锈钢奶瓶:1岁以上宝宝使用 不锈钢奶瓶使用寿命长,价格便宜,可以作为1岁以上宝宝的奶瓶选择。不过因为不锈钢奶瓶不透明,没法看到里面奶量还剩多少。 4、硅胶奶瓶:适合所有年龄段宝宝使用 硅胶奶瓶安全,质量轻,适合任何年龄的宝宝的使用。当然,由于硅胶奶瓶质地柔软,小宝宝使用会觉得更加舒适。 挑选婴儿奶瓶的方法 奶瓶的材质:刚刚出生的宝宝建议使用玻璃奶瓶,因为刚刚出生宝宝抵抗力较差,玻璃奶瓶本身材质因为是玻璃,因此化学特性比较稳定,无论采用什么消毒方式,不会分泌任何对宝宝不良的化学物质。 安全性较好:刚刚出生宝宝,基本都是爸爸妈妈喂哺,因此玻璃奶瓶虽然重量较重,但影响不大;对以能够独立饮食的宝宝,建议可以使用塑料奶瓶,因为耐用,实用性强。如相较玻璃奶瓶,不易破裂。 奶瓶的数量:建议不用材质的各购买两个,一个容量大的,方便在家里喂哺,一个容量小的,便于外出携带目前市场上有宽口径和标准口径两类奶瓶,您可以根据自己的实际情况来选择。个人觉得标准口径比较实惠,无论是奶瓶还是以后更换奶嘴,价格都比较低。宽口径,主要的优点是清洗方便。		特点:PPSU为安心材质,不含扰乱内分泌的致癌化学物质(环境荷尔蒙:双酚A),广泛使用于医疗器材,PPSU为一种耐热性极佳的材质,耐热温度高达207度,可因应反复的高温煮沸,蒸汽消毒,医院的真空高压消毒,微波炉加热消毒及药液消毒。PPSU材质具极优良之抗药性及抗酸碱性,可承受一般药水及洗洁剂清洗,不会产生化学变化。个人观点:PPSU奶瓶经检验证实不含双酚A毒素,兼具玻璃奶瓶的无毒通透、PC奶瓶的轻盈耐摔的三大优越特性,是最理想最安心的奶瓶材质。无论是给新生儿用还是较大宝宝用都是非常好的选择。	0
奶瓶什么材质的最好		百度知道用户 2015-08-07 16:32宝宝知道提示您:回答为网友贡献,仅供参考。看个人需求和宝宝大小再进行选择。 1、玻璃奶瓶:适合新生儿使用 玻璃奶瓶的优点是安全性佳、耐热性佳,且不易刮伤、不易藏污垢、好清洗,而且价格也不贵,适合需要多次吃奶的新生儿使用。玻璃奶瓶的缺点就是除了强度不够,易碎,因此适合在家里由妈妈拿着喂宝宝。 2、塑料奶瓶:适合三个月以上...的宝宝使用 塑料奶瓶轻便,三个月之后可以给宝宝使用塑料奶瓶。塑料奶瓶的三种材质中PP奶瓶最常见,性能也好,是塑料奶瓶的首选。PES与PP一样拥有众多优点,而且更容易清洗耐用,接近玻璃的优点,不过其价格比较贵。如何不考虑价格因素的话,只考虑安全耐用,哪么新材料PPSU最安全,比PC更易洗、耐用,几近于玻璃。但是PPS奶瓶价格比较贵,同时可供选择的品牌也较少。 3、不锈钢奶瓶:1岁以上宝宝使用 不锈钢奶瓶使用寿命长,价格便宜,可以作为1岁以上宝宝的奶瓶选择。不过因为不锈钢奶瓶不透明,没法看到里面奶量还剩多少。 4、硅胶奶瓶:适合所有年龄段宝宝使用 硅胶奶瓶安全,质量轻,适合任何年龄的宝宝的使用。当然,由于硅胶奶瓶质地柔软,小宝宝使用会觉得更加舒适。 挑选婴儿奶瓶的方法 奶瓶的材质:刚刚出生的宝宝建议使用玻璃奶瓶,因为刚刚出生宝宝抵抗力较差,玻璃奶瓶本身材质因为是玻璃,因此化学特性比较稳定,无论采用什么消毒方式,不会分泌任何对宝宝不良的化学物质。 安全性较好:刚刚出生宝宝,基本都是爸爸妈妈喂哺,因此玻璃奶瓶虽然重量较重,但影响不大;对以能够独立饮食的宝宝,建议可以使用塑料奶瓶,因为耐用,实用性强。如相较玻璃奶瓶,不易破裂。 奶瓶的数量:建议不用材质的各购买两个,一个容量大的,方便在家里喂哺,一个容量小的,便于外出携带目前市场上有宽口径和标准口径两类奶瓶,您可以根据自己的实际情况来选择。个人觉得标准口径比较实惠,无论是奶瓶还是以后更换奶嘴,价格都比较低。宽口径,主要的优点是清洗方便。		目前做奶瓶的话主要有5种材料 PP PES PPSU 硅胶 玻璃 PES PPSU 分别是聚醚砜和聚亚苯基砜 这两种材料是无毒的,使用过程中也不会释放出有毒物质,但这两种材料在重复消毒能力上来讲 PES为100次左右 PPSU为2000次,所以一般还是建议PPSU的,且这两种材质的奶瓶本身就具有蜜色,这是它们的本色,所以不用担心有色粉的添加 PP奶瓶 使用寿命只有十几次,用一个多星期后,就会出现问题,因为PP最高使用温度为107摄氏度,长期蒸煮消毒会是其使用能力下降硅胶奶瓶 安全 但是很难清洗。玻璃的烫 易碎 也比较重所以建议PPSU。	0
奶瓶什么材质的最好		百度知道用户 2015-08-07 16:32宝宝知道提示您:回答为网友贡献,仅供参考。看个人需求和宝宝大小再进行选择。 1、玻璃奶瓶:适合新生儿使用 玻璃奶瓶的优点是安全性佳、耐热性佳,且不易刮伤、不易藏污垢、好清洗,而且价格也不贵,适合需要多次吃奶的新生儿使用。玻璃奶瓶的缺点就是除了强度不够,易碎,因此适合在家里由妈妈拿着喂宝宝。 2、塑料奶瓶:适合三个月以上...的宝宝使用 塑料奶瓶轻便,三个月之后可以给宝宝使用塑料奶瓶。塑料奶瓶的三种材质中PP奶瓶最常见,性能也好,是塑料奶瓶的首选。PES与PP一样拥有众多优点,而且更容易清洗耐用,接近玻璃的优点,不过其价格比较贵。如何不考虑价格因素的话,只考虑安全耐用,哪么新材料PPSU最安全,比PC更易洗、耐用,几近于玻璃。但是PPS奶瓶价格比较贵,同时可供选择的品牌也较少。 3、不锈钢奶瓶:1岁以上宝宝使用 不锈钢奶瓶使用寿命长,价格便宜,可以作为1岁以上宝宝的奶瓶选择。不过因为不锈钢奶瓶不透明,没法看到里面奶量还剩多少。 4、硅胶奶瓶:适合所有年龄段宝宝使用 硅胶奶瓶安全,质量轻,适合任何年龄的宝宝的使用。当然,由于硅胶奶瓶质地柔软,小宝宝使用会觉得更加舒适。 挑选婴儿奶瓶的方法 奶瓶的材质:刚刚出生的宝宝建议使用玻璃奶瓶,因为刚刚出生宝宝抵抗力较差,玻璃奶瓶本身材质因为是玻璃,因此化学特性比较稳定,无论采用什么消毒方式,不会分泌任何对宝宝不良的化学物质。 安全性较好:刚刚出生宝宝,基本都是爸爸妈妈喂哺,因此玻璃奶瓶虽然重量较重,但影响不大;对以能够独立饮食的宝宝,建议可以使用塑料奶瓶,因为耐用,实用性强。如相较玻璃奶瓶,不易破裂。 奶瓶的数量:建议不用材质的各购买两个,一个容量大的,方便在家里喂哺,一个容量小的,便于外出携带目前市场上有宽口径和标准口径两类奶瓶,您可以根据自己的实际情况来选择。个人觉得标准口径比较实惠,无论是奶瓶还是以后更换奶嘴,价格都比较低。宽口径,主要的优点是清洗方便。		有些消费者担心不严格遵守商家的3个月一换,会威胁宝宝健康。其实合格的塑料产品也是坚固耐用的,虽说使用时间不定,但也不至于才用了3个月就老化,很多产品摆在货架上都不止3个月。产品价格:PP产品最便宜从市面上的产品来看,PPSU(如贝亲、bobo、好孩子)、PES(如新安怡、布朗博士)、PA(如NUK)产品的价格较高,一般在100元左右,而PP产品(大多数牌子都有)的价格要低一些,一般在40～80元不等。奶瓶的价格跟品牌关系也比较好,一般进口品牌售价会相对高一些,如果是同一品牌,PP材质的价格会相对低一些。婴儿洗衣液评测 性价比 质地/泡沫 温和度 清洁实验	0
奶瓶什么材质的最好		百度知道用户 2015-08-07 16:32宝宝知道提示您:回答为网友贡献,仅供参考。看个人需求和宝宝大小再进行选择。 1、玻璃奶瓶:适合新生儿使用 玻璃奶瓶的优点是安全性佳、耐热性佳,且不易刮伤、不易藏污垢、好清洗,而且价格也不贵,适合需要多次吃奶的新生儿使用。玻璃奶瓶的缺点就是除了强度不够,易碎,因此适合在家里由妈妈拿着喂宝宝。 2、塑料奶瓶:适合三个月以上...的宝宝使用 塑料奶瓶轻便,三个月之后可以给宝宝使用塑料奶瓶。塑料奶瓶的三种材质中PP奶瓶最常见,性能也好,是塑料奶瓶的首选。PES与PP一样拥有众多优点,而且更容易清洗耐用,接近玻璃的优点,不过其价格比较贵。如何不考虑价格因素的话,只考虑安全耐用,哪么新材料PPSU最安全,比PC更易洗、耐用,几近于玻璃。但是PPS奶瓶价格比较贵,同时可供选择的品牌也较少。 3、不锈钢奶瓶:1岁以上宝宝使用 不锈钢奶瓶使用寿命长,价格便宜,可以作为1岁以上宝宝的奶瓶选择。不过因为不锈钢奶瓶不透明,没法看到里面奶量还剩多少。 4、硅胶奶瓶:适合所有年龄段宝宝使用 硅胶奶瓶安全,质量轻,适合任何年龄的宝宝的使用。当然,由于硅胶奶瓶质地柔软,小宝宝使用会觉得更加舒适。 挑选婴儿奶瓶的方法 奶瓶的材质:刚刚出生的宝宝建议使用玻璃奶瓶,因为刚刚出生宝宝抵抗力较差,玻璃奶瓶本身材质因为是玻璃,因此化学特性比较稳定,无论采用什么消毒方式,不会分泌任何对宝宝不良的化学物质。 安全性较好:刚刚出生宝宝,基本都是爸爸妈妈喂哺,因此玻璃奶瓶虽然重量较重,但影响不大;对以能够独立饮食的宝宝,建议可以使用塑料奶瓶,因为耐用,实用性强。如相较玻璃奶瓶,不易破裂。 奶瓶的数量:建议不用材质的各购买两个,一个容量大的,方便在家里喂哺,一个容量小的,便于外出携带目前市场上有宽口径和标准口径两类奶瓶,您可以根据自己的实际情况来选择。个人觉得标准口径比较实惠,无论是奶瓶还是以后更换奶嘴,价格都比较低。宽口径,主要的优点是清洗方便。		优点:玻璃奶瓶的材质用的是高级耐热的玻璃制成,而这种材料是不含双酚A的,安全无毒;玻璃奶瓶的透明度比ppsu奶瓶高,而且在遇到酸性或是碱性的物质时也不会产生有害的物质;同时,玻璃奶瓶也很耐高温,妈妈拿着的时候不容易烫手,而且奶瓶内壁光滑,不会蓄积奶垢,容易清洗。缺点:玻璃奶瓶的强度不够,容易摔碎。宝宝喝奶的时候喜欢抱着奶瓶喝,但是因为玻璃奶瓶比较重,因此经常会拿不稳,若是不小心砸到自己便会受伤,而若是摔在地上,很容易摔碎,碎掉的玻璃渣也比较难清理,而且容易划伤手。另外,在价格上,贝亲的玻璃奶瓶比ppsu奶瓶要贵。	0
奶瓶什么材质的最好		主页 > 母婴健康 > 母婴用品 > 什么材质的奶瓶最好 奶瓶作者: 郝壬 2016-02-16 15:14 [查查吧]:www.chachaba.com目前市场上的奶瓶各式各样的都有,而妈妈们对宝宝使用的任何东西都是精益求精。究竟什么材质的奶瓶最好呢?奶瓶哪种材质最安全呢?下面就给大家详细的说一下:婴儿奶瓶按材质可以分为:玻璃奶瓶、塑料奶瓶、不锈钢奶瓶和陶瓷奶瓶。塑料奶瓶又分为PA奶瓶、PP奶瓶、硅胶奶瓶、PPSU奶瓶、PES奶瓶、PC奶瓶。就新生儿而言,因为玻璃奶瓶安全性和耐热性较好,用手握着就能准确知道奶粉的温度,大人喂食不怕摔,适合给新生儿使用,需要家长们用来喂养。硅胶奶瓶是食品级硅橡胶,安全性极高,质量轻,瓶身柔软,摔不破,很适合宝宝用,而且经济耐用,瓶身可长期使用,只需更换奶嘴即可,所以适合任何年龄的宝宝的使用。可以两种都准备着,玻璃奶瓶可以选择德国昵哺的;波兰LOVI乐唯依的硅胶奶瓶是比较好的,		特点:PPSU为安心材质,不含扰乱内分泌的致癌化学物质(环境荷尔蒙:双酚A),广泛使用于医疗器材,PPSU为一种耐热性极佳的材质,耐热温度高达207度,可因应反复的高温煮沸,蒸汽消毒,医院的真空高压消毒,微波炉加热消毒及药液消毒。PPSU材质具极优良之抗药性及抗酸碱性,可承受一般药水及洗洁剂清洗,不会产生化学变化。个人观点:PPSU奶瓶经检验证实不含双酚A毒素,兼具玻璃奶瓶的无毒通透、PC奶瓶的轻盈耐摔的三大优越特性,是最理想最安心的奶瓶材质。无论是给新生儿用还是较大宝宝用都是非常好的选择。	0
奶瓶什么材质的最好		主页 > 母婴健康 > 母婴用品 > 什么材质的奶瓶最好 奶瓶作者: 郝壬 2016-02-16 15:14 [查查吧]:www.chachaba.com目前市场上的奶瓶各式各样的都有,而妈妈们对宝宝使用的任何东西都是精益求精。究竟什么材质的奶瓶最好呢?奶瓶哪种材质最安全呢?下面就给大家详细的说一下:婴儿奶瓶按材质可以分为:玻璃奶瓶、塑料奶瓶、不锈钢奶瓶和陶瓷奶瓶。塑料奶瓶又分为PA奶瓶、PP奶瓶、硅胶奶瓶、PPSU奶瓶、PES奶瓶、PC奶瓶。就新生儿而言,因为玻璃奶瓶安全性和耐热性较好,用手握着就能准确知道奶粉的温度,大人喂食不怕摔,适合给新生儿使用,需要家长们用来喂养。硅胶奶瓶是食品级硅橡胶,安全性极高,质量轻,瓶身柔软,摔不破,很适合宝宝用,而且经济耐用,瓶身可长期使用,只需更换奶嘴即可,所以适合任何年龄的宝宝的使用。可以两种都准备着,玻璃奶瓶可以选择德国昵哺的;波兰LOVI乐唯依的硅胶奶瓶是比较好的,		1、PP材质,化学上称为聚丙烯,特点是轻便耐摔,容易清洗,产品安全可靠,外表透明,是理想的奶瓶材料。目前是市场上使用最广泛的奶瓶材质,主要是价格较低,而且实用性强,与其他两款奶瓶相比,性能是比不上的。 2、PPSU材质,化学名称是聚苯砜,外表颜色是淡淡的金黄色,这一材质是要比其他两种材质的更优质,产品耐高温达180度,能反复的消毒,不会产生有害成分。PES奶瓶稳定性高,不轻易变形、耐腐蚀。	0
奶瓶什么材质的最好		主页 > 母婴健康 > 母婴用品 > 什么材质的奶瓶最好 奶瓶作者: 郝壬 2016-02-16 15:14 [查查吧]:www.chachaba.com目前市场上的奶瓶各式各样的都有,而妈妈们对宝宝使用的任何东西都是精益求精。究竟什么材质的奶瓶最好呢?奶瓶哪种材质最安全呢?下面就给大家详细的说一下:婴儿奶瓶按材质可以分为:玻璃奶瓶、塑料奶瓶、不锈钢奶瓶和陶瓷奶瓶。塑料奶瓶又分为PA奶瓶、PP奶瓶、硅胶奶瓶、PPSU奶瓶、PES奶瓶、PC奶瓶。就新生儿而言,因为玻璃奶瓶安全性和耐热性较好,用手握着就能准确知道奶粉的温度,大人喂食不怕摔,适合给新生儿使用,需要家长们用来喂养。硅胶奶瓶是食品级硅橡胶,安全性极高,质量轻,瓶身柔软,摔不破,很适合宝宝用,而且经济耐用,瓶身可长期使用,只需更换奶嘴即可,所以适合任何年龄的宝宝的使用。可以两种都准备着,玻璃奶瓶可以选择德国昵哺的;波兰LOVI乐唯依的硅胶奶瓶是比较好的,		优点:玻璃奶瓶的材质用的是高级耐热的玻璃制成,而这种材料是不含双酚A的,安全无毒;玻璃奶瓶的透明度比ppsu奶瓶高,而且在遇到酸性或是碱性的物质时也不会产生有害的物质;同时,玻璃奶瓶也很耐高温,妈妈拿着的时候不容易烫手,而且奶瓶内壁光滑,不会蓄积奶垢,容易清洗。缺点:玻璃奶瓶的强度不够,容易摔碎。宝宝喝奶的时候喜欢抱着奶瓶喝,但是因为玻璃奶瓶比较重,因此经常会拿不稳,若是不小心砸到自己便会受伤,而若是摔在地上,很容易摔碎,碎掉的玻璃渣也比较难清理,而且容易划伤手。另外,在价格上,贝亲的玻璃奶瓶比ppsu奶瓶要贵。	0
奶瓶什么材质的最好		主页 > 母婴健康 > 母婴用品 > 什么材质的奶瓶最好 奶瓶作者: 郝壬 2016-02-16 15:14 [查查吧]:www.chachaba.com目前市场上的奶瓶各式各样的都有,而妈妈们对宝宝使用的任何东西都是精益求精。究竟什么材质的奶瓶最好呢?奶瓶哪种材质最安全呢?下面就给大家详细的说一下:婴儿奶瓶按材质可以分为:玻璃奶瓶、塑料奶瓶、不锈钢奶瓶和陶瓷奶瓶。塑料奶瓶又分为PA奶瓶、PP奶瓶、硅胶奶瓶、PPSU奶瓶、PES奶瓶、PC奶瓶。就新生儿而言,因为玻璃奶瓶安全性和耐热性较好,用手握着就能准确知道奶粉的温度,大人喂食不怕摔,适合给新生儿使用,需要家长们用来喂养。硅胶奶瓶是食品级硅橡胶,安全性极高,质量轻,瓶身柔软,摔不破,很适合宝宝用,而且经济耐用,瓶身可长期使用,只需更换奶嘴即可,所以适合任何年龄的宝宝的使用。可以两种都准备着,玻璃奶瓶可以选择德国昵哺的;波兰LOVI乐唯依的硅胶奶瓶是比较好的,		(1)PP PP(聚丙烯)材质奶瓶,世界公认食品容器安全食材,不含BPA,耐高温 110℃,抗腐蚀性、防锈性耐老化、表面光洁度极好、充分的热稳定性。缺点是透明度不高,有点类似半透明的质地,容易变形氧化没有玻璃奶瓶耐用。 (2)PPSU PPSU(聚苯砜) 材质奶瓶,不含BPA,不易产生毒素;轻盈耐摔,耐高温,但奶瓶本身是琥珀色,清透度不高,用久会发黄,看不清刻度。 (3)Tritan 不含BPA,安全无毒,轻巧耐摔,耐高温,无异味,好清洗,而且用久了不会发黄。Tritan材质已经成为欧美地区奶瓶等用品的指定材料,比如迪士尼的水壶、耐克和乐扣的部分产品都是采用了Tritan材质。	0
奶瓶什么材质的最好		宝宝选择奶瓶塑料材质的话是PES和PPSU的最好,但是价格也高些。玻璃材质的建议选择高硼硅材质的,最安全的奶瓶就是玻璃奶瓶,主要原因是玻璃奶瓶在高温清洗和消毒的过程中不会产生有毒物质。挑选婴儿奶瓶的方法奶瓶的材质:刚刚出生的宝宝建议使用玻璃奶瓶,因为刚刚出生宝宝抵抗力较差,玻璃奶瓶本身材质因为是玻璃,因此化学特性比较稳定,无论采用什么消毒方式,不会分泌任何对宝宝不良的化学物质。安全性较好:刚刚出生宝宝,基本都是爸爸妈妈喂哺,因此玻璃奶瓶虽然重量较重,但影响不大;对以能够独立饮食的宝宝,建议可以使用塑料奶瓶,因为耐用,实用性强。如相较玻璃奶瓶,不易破裂。		1、玻璃储奶瓶 玻璃储奶瓶的耐热性强,抗变形程度高,越耐热越不容易变形,刻度的抗磨损度好,容易掌握哺乳量,透明度好。宽口径的玻璃储奶瓶则越来越受到大众的喜爱,与标准口径相比,宽口径的更方便清洗且能转换成奶瓶。玻璃奶瓶使用寿命最长,市面的容玻璃储奶瓶的容量通常为120ml、150ml、220ml、240ml等几种,妈妈们购买时根据自己的实际情况选择购买。玻璃奶瓶除了强度不够,易碎之外,其他品质都优于塑料奶瓶。 2、塑料储奶瓶 塑料类又包括PC(聚碳酯,也称聚碳纤维)、PES(聚醚砜树脂)、PP(聚丙烯),PPSU(聚苯砜树脂)。PPSU,PES、PC,质轻强度高,不易破碎,高度透明,性能都不错,,塑料储奶瓶时间长久后易变黄或不透明,不易查看储奶瓶是否洗净,有的经蒸煮消毒后还会变形,寿命较短,但塑料奶瓶有个最大的优点就在于其轻巧不易碎,方便容易携带。	0
奶瓶什么材质的最好		宝宝选择奶瓶塑料材质的话是PES和PPSU的最好,但是价格也高些。玻璃材质的建议选择高硼硅材质的,最安全的奶瓶就是玻璃奶瓶,主要原因是玻璃奶瓶在高温清洗和消毒的过程中不会产生有毒物质。挑选婴儿奶瓶的方法奶瓶的材质:刚刚出生的宝宝建议使用玻璃奶瓶,因为刚刚出生宝宝抵抗力较差,玻璃奶瓶本身材质因为是玻璃,因此化学特性比较稳定,无论采用什么消毒方式,不会分泌任何对宝宝不良的化学物质。安全性较好:刚刚出生宝宝,基本都是爸爸妈妈喂哺,因此玻璃奶瓶虽然重量较重,但影响不大;对以能够独立饮食的宝宝,建议可以使用塑料奶瓶,因为耐用,实用性强。如相较玻璃奶瓶,不易破裂。		(1)PP PP(聚丙烯)材质奶瓶,世界公认食品容器安全食材,不含BPA,耐高温 110℃,抗腐蚀性、防锈性耐老化、表面光洁度极好、充分的热稳定性。缺点是透明度不高,有点类似半透明的质地,容易变形氧化没有玻璃奶瓶耐用。 (2)PPSU PPSU(聚苯砜) 材质奶瓶,不含BPA,不易产生毒素;轻盈耐摔,耐高温,但奶瓶本身是琥珀色,清透度不高,用久会发黄,看不清刻度。 (3)Tritan 不含BPA,安全无毒,轻巧耐摔,耐高温,无异味,好清洗,而且用久了不会发黄。Tritan材质已经成为欧美地区奶瓶等用品的指定材料,比如迪士尼的水壶、耐克和乐扣的部分产品都是采用了Tritan材质。	0
奶瓶什么材质的最好		宝宝选择奶瓶塑料材质的话是PES和PPSU的最好,但是价格也高些。玻璃材质的建议选择高硼硅材质的,最安全的奶瓶就是玻璃奶瓶,主要原因是玻璃奶瓶在高温清洗和消毒的过程中不会产生有毒物质。挑选婴儿奶瓶的方法奶瓶的材质:刚刚出生的宝宝建议使用玻璃奶瓶,因为刚刚出生宝宝抵抗力较差,玻璃奶瓶本身材质因为是玻璃,因此化学特性比较稳定,无论采用什么消毒方式,不会分泌任何对宝宝不良的化学物质。安全性较好:刚刚出生宝宝,基本都是爸爸妈妈喂哺,因此玻璃奶瓶虽然重量较重,但影响不大;对以能够独立饮食的宝宝,建议可以使用塑料奶瓶,因为耐用,实用性强。如相较玻璃奶瓶,不易破裂。		全部答案玻璃的好,方便蒸煮。好消毒,还有一种中间没有吸管的.外型是倾斜型的。最合适刚出生的宝宝。正好躺着喝牛奶,那奶瓶的角度刚好合适放在胸前。,我们家用的百慧妈妈旗下的德国昵哺宽口玻璃奶瓶很不错回忆是苍白2017-06-06 02:03:07	0
奶瓶什么材质的最好		宝宝选择奶瓶塑料材质的话是PES和PPSU的最好,但是价格也高些。玻璃材质的建议选择高硼硅材质的,最安全的奶瓶就是玻璃奶瓶,主要原因是玻璃奶瓶在高温清洗和消毒的过程中不会产生有毒物质。挑选婴儿奶瓶的方法奶瓶的材质:刚刚出生的宝宝建议使用玻璃奶瓶,因为刚刚出生宝宝抵抗力较差,玻璃奶瓶本身材质因为是玻璃,因此化学特性比较稳定,无论采用什么消毒方式,不会分泌任何对宝宝不良的化学物质。安全性较好:刚刚出生宝宝,基本都是爸爸妈妈喂哺,因此玻璃奶瓶虽然重量较重,但影响不大;对以能够独立饮食的宝宝,建议可以使用塑料奶瓶,因为耐用,实用性强。如相较玻璃奶瓶,不易破裂。		有些消费者担心不严格遵守商家的3个月一换,会威胁宝宝健康。其实合格的塑料产品也是坚固耐用的,虽说使用时间不定,但也不至于才用了3个月就老化,很多产品摆在货架上都不止3个月。产品价格:PP产品最便宜从市面上的产品来看,PPSU(如贝亲、bobo、好孩子)、PES(如新安怡、布朗博士)、PA(如NUK)产品的价格较高,一般在100元左右,而PP产品(大多数牌子都有)的价格要低一些,一般在40～80元不等。奶瓶的价格跟品牌关系也比较好,一般进口品牌售价会相对高一些,如果是同一品牌,PP材质的价格会相对低一些。婴儿洗衣液评测 性价比 质地/泡沫 温和度 清洁实验	0
论文参考文献的格式		1文献标注格式 2常用参考文献 3参考文献资料参考文献类型:专著[M],论文集[C],报纸文章[N],期刊文章[J],学位论文[D],报告[R],标准[S],专利[P],论文集中的析出文献[A]电子文献类型:数据库[DB],计算机[CP],电子公告[EB]电子文献的载体类型:互联网[OL],光盘[CD],磁带[MT],磁盘[DK]A:专著、论文集、学位论文、报告 [序号]主要责任者.文献题名[文献类型标识].出版地:出版者,出版年.起止页码(可选) [1]刘国钧,陈绍业.图书馆目录[M].北京:高等教育出版社,1957.15-18. B:期刊文章 [序号]主要责任者.文献题名[J].刊名,年,卷(期):起止页码 [1]何龄修.读南明史[J].中国史研究,1998,(3):167-173. [2]OU J P,SOONG T T,et al.Recent advance in research on applications of passive energy dissipation systems[J].Earthquack Eng,1997,38(3):358-361. C:论文集中的析出文献 [序号]析出文献主要责任者.析出文献题名[A].原文献主要责任者(可选).原文献题名[C].出版地:出版者,出版年.起止页码 [7]钟文发.非线性规划在可燃毒物配置中的应用[A].赵炜.运筹学的理论与应用——中国运筹学会第五届大会论文集[C].西安:西安电子科技大学出版社,1996.468. D:报纸文章 [序号]主要责任者.文献题名[N].报纸名,出版日期(版次) [8]谢希德.创造学习的新思路[N].人民日报,1998-12-25(10). E:电子文献 [文献类型/载体类型标识]:[J/OL]网上期刊、[EB/OL]网上电子公告、 [M/CD]光盘图书、[DB/OL]网上数据库、[DB/MT]磁带数据库 [序号]主要责任者.电子文献题名[电子文献及载体类型标识].电子文献的出版或获得地址,发表更新日期/引用日期		4.3 公式采用规范符号(字符公式选用定义:标准11磅),上下标清楚(上标、下标6磅,次上标、次下标 4磅);公式编号用小括号()表示,位于行末。4.4 参考文献编号用数字1., 2. 表示,在正文中用[]注于引文处的右上角。“参考文献”四个字用五号黑体字居中排,并与正文和引文之间各空一行,参考文献内容用六号宋体字打印。参考文献要引全。参考文献具体格式附后。4.5 插图必须规范、线条清晰,并贴在论文相应的位置。图名、图号用五号黑体打印,图字用小五号宋体打印。4.6 表号、表名用五黑打印;表中内容用小五号宋体打印。	0
论文参考文献的格式		1文献标注格式 2常用参考文献 3参考文献资料参考文献类型:专著[M],论文集[C],报纸文章[N],期刊文章[J],学位论文[D],报告[R],标准[S],专利[P],论文集中的析出文献[A]电子文献类型:数据库[DB],计算机[CP],电子公告[EB]电子文献的载体类型:互联网[OL],光盘[CD],磁带[MT],磁盘[DK]A:专著、论文集、学位论文、报告 [序号]主要责任者.文献题名[文献类型标识].出版地:出版者,出版年.起止页码(可选) [1]刘国钧,陈绍业.图书馆目录[M].北京:高等教育出版社,1957.15-18. B:期刊文章 [序号]主要责任者.文献题名[J].刊名,年,卷(期):起止页码 [1]何龄修.读南明史[J].中国史研究,1998,(3):167-173. [2]OU J P,SOONG T T,et al.Recent advance in research on applications of passive energy dissipation systems[J].Earthquack Eng,1997,38(3):358-361. C:论文集中的析出文献 [序号]析出文献主要责任者.析出文献题名[A].原文献主要责任者(可选).原文献题名[C].出版地:出版者,出版年.起止页码 [7]钟文发.非线性规划在可燃毒物配置中的应用[A].赵炜.运筹学的理论与应用——中国运筹学会第五届大会论文集[C].西安:西安电子科技大学出版社,1996.468. D:报纸文章 [序号]主要责任者.文献题名[N].报纸名,出版日期(版次) [8]谢希德.创造学习的新思路[N].人民日报,1998-12-25(10). E:电子文献 [文献类型/载体类型标识]:[J/OL]网上期刊、[EB/OL]网上电子公告、 [M/CD]光盘图书、[DB/OL]网上数据库、[DB/MT]磁带数据库 [序号]主要责任者.电子文献题名[电子文献及载体类型标识].电子文献的出版或获得地址,发表更新日期/引用日期		一、参考文献著录格式1 、期刊作者.题名〔J〕.刊名,出版年,卷(期)∶起止页码2、专著作者.书名〔M〕.版本(第一版不著录).出版地∶出版者,出版年∶起止页码3、论文集作者.题名〔C〕.编者.论文集名,出版地∶出版者,出版年∶起止页码4 、学位论文作者.题名〔D〕.保存地点.保存单位.年份5 、专利文献题名〔P〕.国别.专利文献种类.专利号.出版日期6、标准编号.标准名称〔S〕7、报纸作者.题名〔N〕.报纸名.出版日期(版次) 8 、报告作者.题名〔R〕.保存地点.年份9 、电子文献作者.题名〔电子文献及载体类型标识〕.文献出处,日期二、文献类型及其标识1、根据GB3469 规定,各类常用文献标识如下: ①期刊〔J〕②专著〔M〕③论文集〔C〕④学位论文〔D〕⑤专利〔P〕⑥标准〔S〕⑦报纸〔N〕⑧技术报告〔R〕	0
论文参考文献的格式		1文献标注格式 2常用参考文献 3参考文献资料参考文献类型:专著[M],论文集[C],报纸文章[N],期刊文章[J],学位论文[D],报告[R],标准[S],专利[P],论文集中的析出文献[A]电子文献类型:数据库[DB],计算机[CP],电子公告[EB]电子文献的载体类型:互联网[OL],光盘[CD],磁带[MT],磁盘[DK]A:专著、论文集、学位论文、报告 [序号]主要责任者.文献题名[文献类型标识].出版地:出版者,出版年.起止页码(可选) [1]刘国钧,陈绍业.图书馆目录[M].北京:高等教育出版社,1957.15-18. B:期刊文章 [序号]主要责任者.文献题名[J].刊名,年,卷(期):起止页码 [1]何龄修.读南明史[J].中国史研究,1998,(3):167-173. [2]OU J P,SOONG T T,et al.Recent advance in research on applications of passive energy dissipation systems[J].Earthquack Eng,1997,38(3):358-361. C:论文集中的析出文献 [序号]析出文献主要责任者.析出文献题名[A].原文献主要责任者(可选).原文献题名[C].出版地:出版者,出版年.起止页码 [7]钟文发.非线性规划在可燃毒物配置中的应用[A].赵炜.运筹学的理论与应用——中国运筹学会第五届大会论文集[C].西安:西安电子科技大学出版社,1996.468. D:报纸文章 [序号]主要责任者.文献题名[N].报纸名,出版日期(版次) [8]谢希德.创造学习的新思路[N].人民日报,1998-12-25(10). E:电子文献 [文献类型/载体类型标识]:[J/OL]网上期刊、[EB/OL]网上电子公告、 [M/CD]光盘图书、[DB/OL]网上数据库、[DB/MT]磁带数据库 [序号]主要责任者.电子文献题名[电子文献及载体类型标识].电子文献的出版或获得地址,发表更新日期/引用日期		你说的问题在学术论文中是很常见,我们学校是这样要求的,供你参考。1、在正文中按照参考文献在文中出现的先后顺序标注,如[1][2].[18][19];2、在文后的参考文献中按照标注顺序写,例如: 例如:[2][6][13]刘国钧,王连成.图书馆史研究[M].北京:高等教育出版社,1979:15-18,31,34-36.	0
论文参考文献的格式		1文献标注格式 2常用参考文献 3参考文献资料参考文献类型:专著[M],论文集[C],报纸文章[N],期刊文章[J],学位论文[D],报告[R],标准[S],专利[P],论文集中的析出文献[A]电子文献类型:数据库[DB],计算机[CP],电子公告[EB]电子文献的载体类型:互联网[OL],光盘[CD],磁带[MT],磁盘[DK]A:专著、论文集、学位论文、报告 [序号]主要责任者.文献题名[文献类型标识].出版地:出版者,出版年.起止页码(可选) [1]刘国钧,陈绍业.图书馆目录[M].北京:高等教育出版社,1957.15-18. B:期刊文章 [序号]主要责任者.文献题名[J].刊名,年,卷(期):起止页码 [1]何龄修.读南明史[J].中国史研究,1998,(3):167-173. [2]OU J P,SOONG T T,et al.Recent advance in research on applications of passive energy dissipation systems[J].Earthquack Eng,1997,38(3):358-361. C:论文集中的析出文献 [序号]析出文献主要责任者.析出文献题名[A].原文献主要责任者(可选).原文献题名[C].出版地:出版者,出版年.起止页码 [7]钟文发.非线性规划在可燃毒物配置中的应用[A].赵炜.运筹学的理论与应用——中国运筹学会第五届大会论文集[C].西安:西安电子科技大学出版社,1996.468. D:报纸文章 [序号]主要责任者.文献题名[N].报纸名,出版日期(版次) [8]谢希德.创造学习的新思路[N].人民日报,1998-12-25(10). E:电子文献 [文献类型/载体类型标识]:[J/OL]网上期刊、[EB/OL]网上电子公告、 [M/CD]光盘图书、[DB/OL]网上数据库、[DB/MT]磁带数据库 [序号]主要责任者.电子文献题名[电子文献及载体类型标识].电子文献的出版或获得地址,发表更新日期/引用日期		参考文献著录格式 1 期刊作者.题名[J].刊名,出版年,卷(期):起止页码 2 专著作者.书名[M].版本(第一版不著录).出版地:出版者,出版年.起止页码 3 论文集作者.题名[C].//编者.论文集名.出版地:出版者,出版年. 起止页码 4 学位论文作者.题名[D].保存地点:保存单位,年份 5 专利文献题名[P].国别,专利文献种类,专利号.出版日期 6 标准标准编号,标准名称[S] 7 报纸作者.题名[N].报纸名,出版日期(版次) 8 报告作者.题名[R].保存地点:年份 9 电子文献作者.题名[电子文献及载体类型标识].文献出处,日期 二、文献类型及其标识 1.根据GB3469 规定 ①期刊[J] ②专著[M] ③论文集[C] ④学位论文[D] ⑤专利[P] ⑥标准[S] ⑦报纸[N] ⑧技术报告[R] 2.电子文献载体类型用双字母标识,例如: ①磁带[MT] ②磁盘[DK] ③光盘[CD] ④联机网络[OL] 3.电子文献载体类型的参考文献类型标识方法为:[文献类型标识/载体类型标识]。例如: ①联机网上数据库[DB/OL] ②磁带数据库[DB/MT] ③光盘图书[M/CD] ④磁盘软件[CP/DK] ⑤网上期刊[J/OL] ⑥网上电子公告[EB/OL]	0
